Year,Energy
1960.0,2886.0
1960.1,2886.0
1960.2,2886.0
1960.3,2886.0
1960.3,2886.0
1960.4,2886.0
1960.5,2886.0
1960.6,2886.0
1960.7,2886.0
1960.8,2886.0
1960.8,2886.0
1960.9,2886.0
1961.0,2886.0
1961.1,2886.0
1961.2,4653.0
1961.3,4653.0
1961.3,4653.0
1961.4,4653.0
1961.5,4653.0
1961.6,4653.0
1961.7,4653.0
1961.8,4653.0
1961.8,4653.0
1961.9,4653.0
1962.0,4653.0
1962.1,4653.0
1962.2,4653.0
1962.3,4653.0
1962.3,4653.0
1962.4,4653.0
1962.5,4653.0
1962.6,4653.0
1962.7,4653.0
1962.8,4653.0
1962.8,4653.0
1962.9,4653.0
1963.0,4653.0
1963.1,4653.0
1963.2,4653.0
1963.3,4653.0
1963.3,4653.0
1963.4,4653.0
1963.5,4653.0
1963.6,4653.0
1963.7,4653.0
1963.8,4653.0
1963.8,4653.0
1963.9,4653.0
1964.0,4653.0
1964.1,4653.0
1964.2,4653.0
1964.3,4653.0
1964.3,4653.0
1964.4,4653.0
1964.5,4653.0
1964.6,4653.0
1964.7,4653.0
1964.8,4653.0
1964.8,4653.0
1964.9,4653.0
1965.0,4653.0
1965.1,4653.0
1965.2,4653.0
1965.3,4653.0
1965.3,4653.0
1965.4,4653.0
1965.5,4653.0
1965.6,4653.0
1965.7,4653.0
1965.8,4653.0
1965.8,4653.0
1965.9,4653.0
1966.0,4653.0
1966.1,4653.0
1966.2,9027.0
1966.3,9027.0
1966.3,9027.0
1966.4,9027.0
1966.5,9027.0
1966.6,9027.0
1966.7,9027.0
1966.8,9027.0
1966.8,9027.0
1966.9,9027.0
1967.0,9027.0
1967.1,9027.0
1967.2,9027.0
1967.3,9027.0
1967.3,9027.0
1967.4,9027.0
1967.5,9027.0
1967.6,9027.0
1967.7,9027.0
1967.8,9027.0
1967.8,9027.0
1967.9,9027.0
1968.0,9027.0
1968.1,9027.0
1968.2,9027.0
1968.3,9027.0
1968.3,9027.0
1968.4,9027.0
1968.5,9027.0
1968.6,9027.0
1968.7,9027.0
1968.8,9027.0
1968.8,9027.0
1968.9,9027.0
1969.0,9027.0
1969.1,9027.0
1969.2,12957.0
1969.3,12957.0
1969.3,12957.0
1969.4,12957.0
1969.5,12957.0
1969.6,12957.0
1969.7,12957.0
1969.8,12957.0
1969.8,12957.0
1969.9,12957.0
1970.0,12957.0
1970.1,12957.0
1970.2,12957.0
1970.3,12957.0
1970.3,12957.0
1970.4,12957.0
1970.5,12957.0
1970.6,12957.0
1970.7,12957.0
1970.8,12957.0
1970.8,12957.0
1970.9,12957.0
1971.0,12957.0
1971.1,12957.0
1971.2,12957.0
1971.3,12957.0
1971.3,12957.0
1971.4,12957.0
1971.5,12957.0
1971.6,12957.0
1971.7,12957.0
1971.8,12957.0
1971.8,12957.0
1971.9,12957.0
1972.0,12957.0
1972.1,12957.0
1972.2,12957.0
1972.3,12957.0
1972.3,12957.0
1972.4,12957.0
1972.5,12957.0
1972.6,12957.0
1972.7,12957.0
1972.8,12957.0
1972.8,12957.0
1972.9,12957.0
1973.0,12957.0
1973.1,12957.0
1973.2,12957.0
1973.3,12957.0
1973.3,12957.0
1973.4,12957.0
1973.5,12957.0
1973.6,12957.0
1973.7,12957.0
1973.8,12957.0
1973.8,12957.0
1973.9,12957.0
1974.0,12957.0
1974.1,12957.0
1974.2,16664.0
1974.3,16664.0
1974.3,16664.0
1974.4,16664.0
1974.5,16664.0
1974.6,16664.0
1974.7,16664.0
1974.8,16664.0
1974.8,16664.0
1974.9,16664.0
1975.0,16664.0
1975.1,16664.0
1975.2,16664.0
1975.3,16664.0
1975.3,16664.0
1975.4,16664.0
1975.5,16664.0
1975.6,16664.0
1975.7,16664.0
1975.8,16664.0
1975.8,16664.0
1975.9,16664.0
1976.0,16664.0
1976.1,16664.0
1976.2,16664.0
1976.3,16664.0
1976.3,16664.0
1976.4,16664.0
1976.5,16664.0
1976.6,16664.0
1976.7,16664.0
1976.8,16664.0
1976.8,16664.0
1976.9,16664.0
1977.0,16664.0
1977.1,16664.0
1977.2,16664.0
1977.3,16664.0
1977.3,16664.0
1977.4,16664.0
1977.5,16664.0
1977.6,16664.0
1977.7,16664.0
1977.8,16664.0
1977.8,16664.0
1977.9,16664.0
1978.0,16664.0
1978.1,16664.0
1978.2,16664.0
1978.3,16664.0
1978.3,16664.0
1978.4,16664.0
1978.5,16664.0
1978.6,16664.0
1978.7,16664.0
1978.8,16664.0
1978.8,16664.0
1978.9,16664.0
1979.0,16664.0
1979.1,16664.0
1979.2,26680.0
1979.3,26680.0
1979.3,26680.0
1979.4,26680.0
1979.5,26680.0
1979.6,26680.0
1979.7,26680.0
1979.8,26680.0
1979.8,26680.0
1979.9,26680.0
1980.0,26680.0
1980.1,26680.0
1980.2,28448.0
1980.3,28448.0
1980.3,28448.0
1980.4,28448.0
1980.5,28448.0
1980.6,28448.0
1980.7,28448.0
1980.8,28448.0
1980.8,28448.0
1980.9,28448.0
1981.0,28448.0
1981.1,28448.0
1981.2,28448.0
1981.3,28448.0
1981.3,28448.0
1981.4,28448.0
1981.5,28448.0
1981.6,28448.0
1981.7,28448.0
1981.8,28448.0
1981.8,28448.0
1981.9,28448.0
1982.0,28448.0
1982.1,28448.0
1982.2,28448.0
1982.3,28448.0
1982.3,28448.0
1982.4,28448.0
1982.5,28448.0
1982.6,28448.0
1982.7,28448.0
1982.8,28448.0
1982.8,28448.0
1982.9,28448.0
1983.0,28448.0
1983.1,28448.0
1983.2,28448.0
1983.3,28448.0
1983.3,28448.0
1983.4,28448.0
1983.5,28448.0
1983.6,28448.0
1983.7,28448.0
1983.8,28448.0
1983.8,28448.0
1983.9,28448.0
1984.0,28448.0
1984.1,28448.0
1984.2,28448.0
1984.3,28448.0
1984.3,28448.0
1984.4,28448.0
1984.5,28448.0
1984.6,28448.0
1984.7,28448.0
1984.8,28448.0
1984.8,28448.0
1984.9,28448.0
1985.0,28448.0
1985.1,28448.0
1985.2,42585.0
1985.3,42585.0
1985.3,42585.0
1985.4,42585.0
1985.5,42585.0
1985.6,42585.0
1985.7,42585.0
1985.8,42585.0
1985.8,42585.0
1985.9,42585.0
1986.0,42585.0
1986.1,42585.0
1986.2,42585.0
1986.3,42585.0
1986.3,42585.0
1986.4,42585.0
1986.5,42585.0
1986.6,42585.0
1986.7,42585.0
1986.8,42585.0
1986.8,42585.0
1986.9,42585.0
1987.0,42585.0
1987.1,42585.0
1987.2,42585.0
1987.3,42585.0
1987.3,42585.0
1987.4,42585.0
1987.5,42585.0
1987.6,42585.0
1987.7,42585.0
1987.8,42585.0
1987.8,42585.0
1987.9,42585.0
1988.0,42585.0
1988.1,42585.0
1988.2,42585.0
1988.3,42585.0
1988.3,42585.0
1988.4,42585.0
1988.5,42585.0
1988.6,42585.0
1988.7,42585.0
1988.8,42585.0
1988.8,42585.0
1988.9,42585.0
1989.0,42585.0
1989.1,42585.0
1989.2,42585.0
1989.3,42585.0
1989.3,42585.0
1989.4,42585.0
1989.5,42585.0
1989.6,42585.0
1989.7,42585.0
1989.8,42585.0
1989.8,42585.0
1989.9,42585.0
1990.0,42585.0
1990.1,42585.0
1990.2,63616.0
1990.3,63616.0
1990.3,63616.0
1990.4,63616.0
1990.5,63616.0
1990.6,63616.0
1990.7,63616.0
1990.8,63616.0
1990.8,63616.0
1990.9,63616.0
1991.0,63616.0
1991.1,63616.0
1991.2,63616.0
1991.3,63616.0
1991.3,63616.0
1991.4,63616.0
1991.5,63616.0
1991.6,63616.0
1991.7,63616.0
1991.8,63616.0
1991.8,63616.0
1991.9,63616.0
1992.0,63616.0
1992.1,63616.0
1992.2,69065.0
1992.3,69065.0
1992.3,69065.0
1992.4,69065.0
1992.5,69065.0
1992.6,69065.0
1992.7,69065.0
1992.8,69065.0
1992.8,69065.0
1992.9,69065.0
1993.0,69065.0
1993.1,69065.0
1993.2,69065.0
1993.3,69065.0
1993.3,69065.0
1993.4,69065.0
1993.5,69065.0
1993.6,69065.0
1993.7,69065.0
1993.8,69065.0
1993.8,69065.0
1993.9,69065.0
1994.0,69065.0
1994.1,69065.0
1994.2,69065.0
1994.3,69065.0
1994.3,69065.0
1994.4,69065.0
1994.5,69065.0
1994.6,69065.0
1994.7,69065.0
1994.8,69065.0
1994.8,69065.0
1994.9,69065.0
1995.0,69065.0
1995.1,69065.0
1995.2,69065.0
1995.3,69065.0
1995.3,69065.0
1995.4,69065.0
1995.5,69065.0
1995.6,69065.0
1995.7,69065.0
1995.8,69065.0
1995.8,69065.0
1995.9,69065.0
1996.0,69065.0
1996.1,69065.0
1996.2,69065.0
1996.3,69065.0
1996.3,69065.0
1996.4,69065.0
1996.5,69065.0
1996.6,69065.0
1996.7,69065.0
1996.8,69065.0
1996.8,69065.0
1996.9,69065.0
1997.0,69065.0
1997.1,69065.0
1997.2,85795.0
1997.3,85795.0
1997.3,85795.0
1997.4,85795.0
1997.5,85795.0
1997.6,85795.0
1997.7,85795.0
1997.8,85795.0
1997.8,85795.0
1997.9,85795.0
1998.0,85795.0
1998.1,85795.0
1998.2,85795.0
1998.3,85795.0
1998.3,85795.0
1998.4,85795.0
1998.5,85795.0
1998.6,85795.0
1998.7,85795.0
1998.8,85795.0
1998.8,85795.0
1998.9,85795.0
1999.0,85795.0
1999.1,85795.0
1999.2,85795.0
1999.3,85795.0
1999.3,85795.0
1999.4,85795.0
1999.5,85795.0
1999.6,85795.0
1999.7,85795.0
1999.8,85795.0
1999.8,85795.0
1999.9,85795.0
2000.0,85795.0
2000.1,85795.0
2000.2,85795.0
2000.3,85795.0
2000.3,85795.0
2000.4,85795.0
2000.5,85795.0
2000.6,85795.0
2000.7,85795.0
2000.8,85795.0
2000.8,85795.0
2000.9,85795.0
2001.0,85795.0
2001.1,85795.0
2001.2,85795.0
2001.3,85795.0
2001.3,85795.0
2001.4,85795.0
2001.5,85795.0
2001.6,85795.0
2001.7,85795.0
2001.8,85795.0
2001.8,85795.0
2001.9,85795.0
2002.0,85795.0
2002.1,85795.0
2002.2,105046.0
2002.3,105046.0
2002.3,105046.0
2002.4,105046.0
2002.5,105046.0
2002.6,105046.0
2002.7,105046.0
2002.8,105046.0
2002.8,105046.0
2002.9,105046.0
2003.0,105046.0
2003.1,105046.0
2003.2,105046.0
2003.3,105046.0
2003.3,105046.0
2003.4,105046.0
2003.5,105046.0
2003.6,105046.0
2003.7,105046.0
2003.8,105046.0
2003.8,105046.0
2003.9,105046.0
2004.0,105046.0
2004.1,105046.0
2004.2,105046.0
2004.3,105046.0
2004.3,105046.0
2004.4,105046.0
2004.5,105046.0
2004.6,105046.0
2004.7,105046.0
2004.8,105046.0
2004.8,105046.0
2004.9,105046.0
2005.0,105046.0
2005.1,105046.0
2005.2,105046.0
2005.3,105046.0
2005.3,105046.0
2005.4,105046.0
2005.5,105046.0
2005.6,105046.0
2005.7,105046.0
2005.8,105046.0
2005.8,105046.0
2005.9,105046.0
2006.0,123900.81
2006.1,123900.81
2006.2,124287.17
2006.3,124301.97
2006.3,124271.97
2006.4,126088.97
2006.5,126838.97
2006.6,126993.97
2006.7,127422.97
2006.8,127672.97
2006.8,127672.97
2006.9,127752.47
2007.0,128182.47
2007.1,128581.47
2007.2,132329.21
2007.3,132110.21
2007.3,134076.63
2007.4,134716.63
2007.5,135006.63
2007.6,135401.63
2007.7,135781.63
2007.8,136901.63
2007.8,138251.63
2007.9,140301.84
2008.0,141079.84
2008.1,141499.84
2008.2,143061.01
2008.3,143311.01
2008.3,144564.97
2008.4,144912.97
2008.5,145587.97
2008.6,145626.97
2008.7,145554.97
2008.8,146752.81
2008.8,146902.81
2008.9,147402.81
2009.0,147457.81
2009.1,147715.51
2009.2,147965.41
2009.3,148265.41
2009.3,149391.91
2009.4,150323.41
2009.5,151073.41
2009.6,152148.41
2009.7,152360.09
2009.8,153694.09
2009.8,155859.23
2009.9,156092.23
2010.0,156783.98
2010.1,157229.48
2010.2,159398.49
2010.3,159648.49
2010.3,161351.8
2010.4,162366.8
2010.5,163669.8
2010.6,164508.8
2010.7,164835.8
2010.8,167278.36
2010.8,167077.36
2010.9,169748.86
2011.0,170228.86
2011.1,171926.4
2011.2,173626.4
2011.3,174361.4
2011.3,174911.4
2011.4,176990.4
2011.5,180358.12
2011.6,181558.12
2011.7,182344.62
2011.8,182689.62
2011.8,185496.62
2011.9,186654.62
2012.0,187549.62
2012.1,190592.55
2012.2,199877.02
2012.3,201637.03
2012.3,202979.03
2012.4,205340.26
2012.5,206456.04
2012.6,207006.04
2012.7,207876.04
2012.8,209276.04
2012.8,210936.72
2012.9,210951.72
2013.0,211766.22
2013.1,214630.02
2013.2,223343.6
2013.3,223625.6
2013.3,225133.1
2013.4,225793.1
2013.5,225793.1
2013.6,227356.74
2013.7,228721.74
2013.8,229251.74
2013.8,232164.94
2013.9,233929.94
2014.0,234601.94
2014.1,237742.94
2014.2,245258.54
2014.3,245393.54
2014.3,248509.64
2014.4,249488.32
2014.5,250256.99
2014.6,253389.49
2014.7,254049.49
2014.8,254649.49
2014.8,255012.79
2014.9,255681.46
2015.0,258701.46
2015.1,261006.46
2015.2,271722.17
2015.3,272687.17
2015.3,272502.95
2015.4,275511.62
2015.5,275911.62
2015.6,276088.94
2015.7,278733.62
2015.8,280328.5
2015.8,281423.39
2015.9,285709.37
2016.0,288004.97
2016.1,288664.97
2016.2,302087.84
2016.3,302833.2
2016.3,303083.21
2016.4,304505.75
2016.5,304760.75
2016.6,305554.25
2016.7,308038.28
2016.8,307278.28
2016.8,308834.28
2016.9,314106.33
2017.0,314642.32
2017.1,315426.32
2017.2,326832.54
2017.3,329204.54
2017.3,330260.54
2017.4,330273.66
2017.5,330153.66
2017.6,329226.28
2017.7,331152.59
2017.8,331117.59
2017.8,330860.59
2017.9,333549.83
2018.0,334399.83
2018.1,334146.91
2018.2,344002.4
2018.3,343788.399
2018.3,343898.4
2018.4,345524.62
2018.5,344688.62
2018.6,344688.62
2018.7,346082.82
2018.8,347384.77
2018.8,346619.38
2018.9,349288.23
2019.0,350262.49
2019.1,350162.49
2019.2,356775.005
2019.3,357492.42
2019.3,358505.3
2019.4,358970.762
2019.5,361131.182
2019.6,362169.837
2019.7,363369.6
2019.8,364960.147
2019.8,365980.55
2019.9,368789.057
2020.0,368689.817
2020.1,369427.975
2020.2,370316.465
2020.3,370347.53
2020.3,370498.955
2020.4,371054.125
2020.5,371976.85
2020.6,372693.365
2020.7,373029.355
2020.8,373435.585
2020.8,374199.045
2020.9,375322.745
2021.0,377260.675
2021.1,379130.415
2021.2,382151.225
2021.3,382730.03
2021.3,383373.685
2021.4,384115.95
2021.5,386888.155
2021.6,388133.755
2021.7,388848.785
2021.8,390791.185
2021.8,392017.245
2021.9,393389.47
2022.0,395075.065
2022.1,395607.865
2022.2,399496.615
2022.3,401010.235
2022.3,402817.405
2022.4,403759.6
2022.5,404132.98
2022.6,405773.23
2022.7,407796.6
2022.8,408714.84
2022.8,409161.25
2022.9,410287.37
2023.0,411648.62
2023.1,412212.16
2023.2,416058.91
2023.3,416058.91
2023.3,417182.6007268106
2023.4,418307.9981736425
2023.5,419425.7027536997
2023.6,420554.4994179076
2023.7,421685.0028021371
2023.8,422807.7707701133
2023.8,423932.2171312997
2023.9,425058.3418856962
2024.0,426186.14503330254
2024.1,427315.62657411845
2024.2,428437.2739696694
2024.3,429560.57166866335
2024.3,430695.0601808201
2024.4,431821.6724723222
2024.5,432949.93506726745
2024.6,434070.265499068
2024.7,435201.81471527676
2024.8,436325.4039156184
2024.8,437450.6155666805
2024.9,438577.4496684629
2025.0,439705.9062209656
2025.1,440835.98522418883
2025.2,441967.68667813233
2025.3,443091.317179408
2025.3,444216.5425157252
2025.4,445343.3626870851
2025.5,446471.77769348683
2025.6,447601.78753493127
2025.7,448733.3922114177
2025.8,449856.8159466121
2025.8,450981.80713821534
2025.9,452108.365786227
2026.0,453236.4918906473
2026.1,454366.1854514762
2026.2,455497.44646871375
2026.3,456620.4175042131
2026.3,457744.9288545326
2026.4,458870.9805196708
2026.5,459998.5724996287
2026.6,461127.7047944058
2026.7,462258.37740400207
2026.8,463380.65193959285
2026.8,464504.4398854578
2026.9,465629.7412415976
2027.0,466756.5560080121
2027.1,467884.88418470096
2027.2,469014.72577166447
2027.3,470136.0621405321
2027.3,471258.88525217405
2027.4,472383.19510658976
2027.5,473508.9917037802
2027.6,474636.2750437444
2027.7,475754.96024418954
2027.8,476885.20379521354
2027.8,478006.8227762618
2027.9,479129.902069629
2028.0,480254.4416753138
2028.1,481380.4415933176
2028.2,482497.73800554505
2028.3,483626.6453922182
2028.3,484746.82307970413
2028.4,485868.43488609657
2028.5,486991.4808113962
2028.6,488115.96085560234
2028.7,489231.6329759537
2028.8,490358.968220529
2028.8,491477.46958488255
2028.9,492597.3791117757
2029.0,493718.6968012085
2029.1,494831.1160158078
2029.2,495955.2371113981
2029.3,497070.4340128317
2029.3,498187.01335748314
2029.4,499304.97514535167
2029.5,500424.31937643705
2029.6,501545.04605074023
2029.7,502656.75892808574
2029.8,503780.2376884232
2029.8,504894.6771695249
2029.9,506010.47361156583
2030.0,507127.62701454625
2030.1,508235.67772890074
2030.2,509355.5323718815
2030.3,510466.2590810031
2030.3,511578.31750583026
2030.4,512691.707646363
2030.5,513806.42950260086
2030.6,514922.483074545
2030.7,516029.3207691396
2030.8,517137.46517125034
2030.8,518246.9162808783
2030.9,519357.6740980219
2031.0,520469.738622682
2031.1,521583.10985485866
2031.2,522687.16565101786
2031.3,523792.50338354876
2031.3,524899.1230524515
2031.4,526007.024657726
2031.5,527116.2081993718
2031.6,528226.6736773895
2031.7,529327.7251088994
2031.8,530430.0339426813
2031.8,531533.6001787342
2031.9,532638.4238170583
2032.0,533744.504857654
2032.1,534841.0863972188
2032.2,535949.6700345683
2032.3,537048.7298738309
2032.3,538149.0228183093
2032.4,539250.5488680028
2032.5,540342.4906732759
2032.6,541446.4708441338
2032.7,542540.8427105595
2032.8,543636.4236221893
2032.8,544733.2135790233
2032.9,545831.2125810613
2033.0,546930.4206283034
2033.1,548019.9365759015
2033.2,549110.6377457364
2033.3,550213.4489871014
2033.3,551295.5957521177
2033.4,552389.8525886636
2033.5,553485.2946474471
2033.6,554570.9497888072
2033.7,555657.7665664819
2033.8,556756.7405875323
2033.8,557834.8850307753
2033.9,558925.1867173938
2034.0,560016.6500403273
2034.1,561098.2325762359
2034.2,562180.9533995814
2034.3,563264.8125103631
2034.3,564349.8099085817
2034.4,565435.9455942363
2034.5,566512.1191866212
2034.6,567600.5198319713
2034.7,568678.9352722177
2034.8,569758.4658880671
2034.8,570839.1116795195
2034.9,571920.8726465749
2035.0,572992.579428592
2035.1,574065.3785114232
2035.2,575139.2698950684
2035.3,576214.2535795271
2035.3,577290.3295647996
2035.4,578367.4978508856
2035.5,579434.5209268662
2035.6,580513.8624364464
2035.7,581583.0360981764
2035.8,582653.2794229751
2035.8,583713.3098614789
2035.9,584785.6812528044
2036.0,585847.8173571345
2036.1,586922.3168149865
2036.2,587986.5585851436
2036.3,589051.8476176688
2036.3,590106.8343981423
2036.4,591174.2068143156
2036.5,592231.254814782
2036.6,593300.710614604
2036.7,594359.8198350621
2036.8,595419.9541542339
2036.8,596469.6978037744
2036.9,597531.8712978046
2037.0,598583.6321955929
2037.1,599636.3962654828
2037.2,600701.6230105176
2037.3,601744.9339215662
2037.3,602800.7075077603
2037.4,603857.484266056
2037.5,604903.761195753
2037.6,605951.0196079842
2037.7,606999.2595027501
2037.8,608048.4808800507
2037.8,609098.6837398852
2037.9,610138.3112724652
2038.0,611178.8988350572
2038.1,612232.0245714509
2038.2,613274.542861067
2038.3,614306.4217029046
2038.3,615350.8493855449
2038.4,616384.6164049283
2038.5,617430.9534805922
2038.6,618466.6086775216
2038.7,619503.2026889853
2038.8,620540.7355149828
2038.8,621567.5337198563
2038.9,622606.9336264441
2039.0,623635.577933474
2039.1,624665.1400766047
2039.2,625695.6200558357
2039.3,626727.0178711668
2039.3,627759.3335225987
2039.4,628780.8205647827
2039.5,629803.2047016788
2039.6,630826.4859332854
2039.7,631850.664259604
2039.8,632875.7396806332
2039.8,633901.7121963738
2039.9,634916.7736113996
2040.0,635932.7116167918
2040.1,636949.5262125507
2040.2,637967.2173986759
2040.3,638985.785175168
2040.3,640005.2295420263
2040.4,641013.6812648799
2040.5,642022.9893107994
2040.6,643045.0430629351
2040.7,644044.1743718381
2040.8,645056.0513869566
2040.8,646068.7847251417
2040.9,647070.4448242099
2041.0,648072.9412160881
2041.1,649088.2233746941
2041.2,650080.4428782768
2041.3,651085.4481485863
2041.3,652091.2897117066
2041.4,653085.9783887758
2041.5,654093.4825816501
2041.6,655089.814095262
2041.7,656086.9621084733
2041.8,657072.8980930431
2041.8,658071.6692681077
2041.9,659059.2088583645
2042.0,660059.6031952831
2042.1,661048.7463912263
2042.2,662038.6865306019
2042.3,663017.3366537136
2042.3,664008.8609611315
2042.4,664989.0759331624
2042.5,665982.1844086226
2042.6,666963.9642295733
2042.7,667946.5216748335
2042.8,668929.8567444042
2042.8,669901.8151579646
2042.9,670886.6958758542
2043.0,671860.180855656
2043.1,672834.4243776898
2043.2,673809.4264419551
2043.3,674785.1870484524
2043.3,675749.4950261943
2043.4,676726.7632353767
2043.5,677692.559970771
2043.6,678659.0964033629
2043.7,679626.3725331528
2043.8,680594.388360142
2043.8,681563.1438843284
2043.9,682520.3623919366
2044.0,683490.5879472643
2044.1,684449.2578780234
2044.2,685408.6488979922
2044.3,686368.76100717
2044.3,687317.271268113
2044.4,688278.8163109755
2044.5,689228.7411346587
2044.6,690191.719111206
2044.7,691143.0584976289
2044.8,692095.1006023162
2044.8,693035.4676120346
2044.9,693988.9060270395
2045.0,694930.6512131749
2045.1,695873.0809836744
2045.2,696828.60930105
2045.3,697759.9942777667
2045.3,698704.4778013586
2045.4,699649.645909315
2045.5,700583.0487268895
2045.6,701529.5769958857
2045.7,702464.322077644
2045.8,703399.7338469105
2045.8,704335.8123036858
2045.9,705260.0631273901
2046.0,706197.4660700154
2046.1,707123.023719758
2046.2,708049.2303971977
2046.3,708976.0861023348
2046.3,709903.5908351685
2046.4,710831.7445956995
2046.5,711747.991668836
2046.6,712677.4347141169
2046.7,713594.9536492364
2046.8,714513.1041892855
2046.8,715431.8863342653
2046.9,716351.3000841755
2047.0,717258.7378111901
2047.1,718179.4061188379
2047.2,719088.0812178678
2047.3,719997.3707361058
2047.3,720907.2746735516
2047.4,721817.7930302052
2047.5,722728.9258060663
2047.6,723628.0056381093
2047.7,724540.3587187855
2047.8,725440.6419069655
2047.8,726341.5225656754
2047.9,727243.0006949152
2048.0,728145.0762946843
2048.1,729035.0315114902
2048.2,729938.2936372412
2048.3,730829.4186683949
2048.3,731721.124458445
2048.4,732613.411007391
2048.5,733506.2783152333
2048.6,734399.7263819717
2048.7,735280.9792782234
2048.8,736175.5805661986
2048.8,737057.970209098
2048.9,737940.9241363043
2049.0,738824.4423478183
2049.1,739708.5248436388
2049.2,740580.3466261828
2049.3,741465.549512584
2049.3,742338.4754481644
2049.4,743211.9494305069
2049.5,744085.9714596123
2049.6,744960.5415354795
2049.7,745835.6596581095
2049.8,746698.44441334
2049.8,747574.6505699838
2049.9,748438.5073587275
2050.0,749302.8961937337
2050.1,750167.8170750022
2050.2,751033.2700025323
2050.3,751899.2549763252
2050.3,752752.8349952956
2050.4,753619.8761206237
2050.5,754474.4965276737
2050.6,755329.6332175296
2050.7,756185.2861901922
2050.8,757041.4554456617
2050.8,757885.1570480517
2050.9,758742.3510466674
2051.0,759587.0618657926
2051.1,760432.2734413126
2051.2,761277.9857732286
2051.3,762124.1988615389
2051.3,762970.912706245
2051.4,763818.1273073456
2051.5,764652.7970974001
2051.6,765487.9523544826
2051.7,766336.6538168797
2051.8,767172.7875934418
2051.8,768009.4068370315
2051.9,768833.4280530962
2052.0,769671.0106453204
2052.1,770495.9801576971
2052.2,771334.5260985554
2052.3,772160.4439072444
2052.3,772986.8321306384
2052.4,773813.690768739
2052.5,774641.0198215451
2052.6,775455.6759407809
2052.7,776283.938356099
2052.8,777099.5130225685
2052.8,777915.5432884658
2052.9,778732.0291537917
2053.0,779548.9706185446
2053.1,780366.3676827261
2053.2,781171.025559414
2053.3,781989.3264740729
2053.3,782794.8736230051
2053.4,783600.8617931318
2053.5,784407.2909844527
2053.6,785214.161196968
2053.7,786021.4724306781
2053.8,786829.2246855828
2053.8,787624.1653359146
2053.9,788419.5326662518
2054.0,789228.5935250281
2054.1,790024.8213267096
2054.2,790821.4758083969
2054.3,791605.2687876553
2054.3,792402.7695180196
2054.4,793187.3946418106
2054.5,793985.7416208519
2054.6,794771.1988891759
2054.7,795557.0687333604
2054.8,796343.3511534056
2054.8,797130.0461493118
2054.9,797917.1537210788
2055.0,798691.3226324494
2055.1,799479.2483631265
2055.2,800254.2215663071
2055.3,801029.5934782482
2055.3,801805.3640989505
2055.4,802581.5334284129
2055.5,803344.7089846451
2055.6,804121.66885734
2055.7,804899.027438795
2055.8,805663.3717426751
2055.8,806428.1011252606
2055.9,807193.2155865503
2056.0,807958.7151265456
2056.1,808724.5997452452
2056.2,809477.4227960028
2056.3,810244.0708163453
2056.3,810997.6438757349
2056.4,811765.0552977202
2056.5,812519.3783657411
2056.6,813274.0731194555
2056.7,814029.1395588638
2056.8,814771.0844580841
2056.8,815526.887631635
2056.9,816269.5561090314
2057.0,817026.0960167244
2057.1,817769.4880722971
2057.2,818513.238657596
2057.3,819257.3477726218
2057.3,820001.8154173738
2057.4,820733.0960976714
2057.5,821478.2742831551
2057.6,822210.2525852618
2057.7,822942.5764981727
2057.8,823688.8172353918
2057.8,824421.8387701113
2057.9,825155.205915635
2058.0,825875.328257859
2058.1,826609.3802247914
2058.2,827330.1747065464
2058.3,828064.9114948874
2058.3,828786.3781161727
2058.4,829508.1776663843
2058.5,830230.3101455222
2058.6,830952.7755535867
2058.7,831675.5738905773
2058.8,832385.0580887676
2058.8,833108.5160019337
2058.9,833818.647331465
2059.0,834529.0991450893
2059.1,835253.543281679
2059.2,835964.6422266448
2059.3,836662.3774905205
2059.3,837374.1112405166
2059.4,838086.1654746055
2059.5,838784.8376566598
2059.6,839497.5266957788
2059.7,840196.8214750742
2059.8,840896.4245306731
2059.8,841596.3358625758
2059.9,842296.5554707828
2060.0,842983.3445513651
2060.1,843684.1746675465
2060.2,844385.3130600313
2060.3,845073.0029095139
2060.3,845760.9890645554
2060.4,846449.2715251567
2060.5,847137.8502913173
2060.6,847826.7253630366
2060.7,848515.8967403157
2060.8,849205.3644231537
2060.8,849881.3302279888
2060.9,850557.5806046829
2061.0,851247.9253519769
2061.1,851924.7506799779
2061.2,852601.8605798385
2061.3,853279.2550515581
2061.3,853956.9340951373
2061.4,854621.0588738897
2061.5,855299.3012535975
2061.6,855963.9778718238
2061.7,856642.7835876613
2061.8,857308.0120453613
2061.8,857973.5135782647
2061.9,858639.2881863713
2062.0,859305.3358696816
2062.1,859957.7721604542
2062.2,860624.3603051046
2062.3,861277.3257976053
2062.3,861944.4544035958
2062.4,862597.9490978259
2062.5,863251.7056076482
2062.6,863905.7239330625
2062.7,864560.0040740692
2062.8,865214.5460306678
2062.8,865855.4150816947
2062.9,866510.4750989336
2063.0,867151.8511880334
2063.1,867807.4292659117
2063.2,868449.3123930846
2063.3,869091.4463132832
2063.3,869733.8310265068
2063.4,870376.4665327554
2063.5,871019.35283203
2063.6,871648.5060164428
2063.7,872291.8884497455
2063.8,872921.5269826648
2063.8,873551.405523086
2063.9,874195.5294314204
2064.0,874825.8933203486
2064.1,875456.4972167795
2064.2,876087.3411207139
2064.3,876704.3983377405
2064.3,877335.7169231807
2064.4,877953.238273236
2064.5,878585.0315401822
2064.6,879203.0170232649
2064.7,879821.2319653737
2064.8,880439.6763665075
2064.8,881058.3502266658
2064.9,881677.2535458498
2065.0,882296.3863240583
2065.1,882901.6695985822
2065.2,883521.2560798633
2065.3,884126.9827460258
2065.3,884747.0229303795
2065.4,885353.192988181
2065.5,885959.5821935739
2065.6,886566.1905465587
2065.7,887173.0180471349
2065.8,887765.944842425
2065.8,888373.205541729
2065.9,888980.6853886247
2066.0,889574.24935939
2066.1,890168.0224033573
2066.2,890776.1495001165
2066.3,891370.345668423
2066.3,891964.7509099317
2066.4,892559.3652246431
2066.5,893140.0237212351
2066.6,893735.0512044181
2066.7,894330.2877608044
2066.8,894911.5536837925
2066.8,895493.0188426387
2066.9,896088.8726627657
2067.0,896670.7411527392
2067.1,897252.8088785708
2067.2,897835.0758402606
2067.3,898417.5420378079
2067.3,898985.9937487349
2067.4,899568.8535585871
2067.5,900137.6892815193
2067.6,900720.9427036769
2067.7,901290.1624386131
2067.8,901859.5718091077
2067.8,902443.413220017
2067.9,903013.2066025164
2068.0,903568.9377339389
2068.1,904139.1056466647
2068.2,904709.4631949493
2068.3,905280.010378791
2068.3,905836.4764665228
2068.4,906393.1228265567
2068.5,906964.2294352949
2068.6,907521.2409623004
2068.7,908078.4327616075
2068.8,908635.8048332173
2068.8,909193.3571771292
2068.9,909751.0897933436
2069.0,910294.6949712578
2069.1,910852.7835097099
2069.2,911396.7354836506
2069.3,911955.1799443411
2069.3,912499.478714308
2069.4,913043.9486303669
2069.5,913588.589692516
2069.6,914133.4019007571
2069.7,914678.3852550888
2069.8,915223.5397555113
2069.8,915768.8654020252
2069.9,916314.3621946299
2070.0,916845.6682580672
2070.1,917377.136578429
2070.2,917923.1378016181
2070.3,918454.9350211502
2070.3,918986.8944976069
2070.4,919519.0162309883
2070.5,920051.3002212935
2070.6,920583.746468523
2070.7,921116.3549726764
2070.8,921634.7243905957
2070.8,922167.6530232758
2070.9,922686.3339175992
2071.0,923219.5826788051
2071.1,923738.5750495321
2071.2,924257.7210250611
2071.3,924777.0206053918
2071.3,925296.4737905248
2071.4,925816.0805804592
2071.5,926335.8409751961
2071.6,926855.754974734
2071.7,927361.3741825931
2071.8,927881.5911249358
2071.8,928387.5048605204
2071.9,928893.5637858291
2072.0,929414.233008977
2072.1,929920.5864620113
2072.2,930427.0851047703
2072.3,930933.7289372529
2072.3,931440.5179594597
2072.4,931947.4521713904
2072.5,932440.0415752633
2072.6,932947.2620183644
2072.7,933440.1294753735
2072.8,933947.6361496446
2072.8,934440.7816597912
2072.9,934934.0641816284
2073.0,935427.4837151554
2073.1,935921.0402603738
2073.2,936414.7338172828
2073.3,936908.5643858816
2073.3,937402.5319661719
2073.4,937896.636558152
2073.5,938376.3396884517
2073.6,938870.7142740579
2073.7,939350.6794569942
2073.8,939845.3240362254
2073.8,940325.5512717986
2073.9,940805.9075780727
2074.0,941286.3929550482
2074.1,941767.0074027264
2074.2,942247.7509211053
2074.3,942728.6235101861
2074.3,943209.6251699687
2074.4,943676.1742849916
2074.5,944157.4301749433
2074.6,944624.2258161916
2074.7,945105.7359363141
2074.8,945572.7781037877
2074.8,946039.941638018
2074.9,946507.226539006
2075.0,946989.2412082348
2075.1,947456.7726354471
2075.2,947909.8094425113
2075.3,948377.5798105274
2075.3,948845.4715453002
2075.4,949313.4846468307
2075.5,949766.9880758892
2075.6,950235.2401182223
2075.7,950688.9750211842
2075.8,951142.8238240026
2075.8,951596.7865266786
2075.9,952065.5126579064
2076.0,952519.7068344848
2076.1,952974.0149109208
2076.2,953413.7763359512
2076.3,953868.3085379119
2076.3,954322.9546397289
2076.4,954777.7146414036
2076.5,955217.9134134394
2076.6,955672.8975406392
2076.7,956113.3132083444
2076.8,956553.8355460512
2076.8,957009.1540244438
2076.9,957449.8932578198
2077.0,957890.7391611969
2077.1,958331.6917345759
2077.2,958772.7509779562
2077.3,959199.2096423188
2077.3,959640.4786700348
2077.4,960081.8543677521
2077.5,960508.6189379746
2077.6,960950.2044200283
2077.7,961377.1717817753
2077.8,961818.9670481645
2077.8,962246.1372014366
2077.9,962673.4070318986
2078.0,963100.7765395509
2078.1,963528.2457243933
2078.2,963955.8145864257
2078.3,964383.4831256487
2078.3,964811.2513420617
2078.4,965239.1192356644
2078.5,965652.3276447048
2078.6,966080.3914555437
2078.7,966493.7890260541
2078.8,966922.0487541286
2078.8,967335.6354861078
2078.9,967749.3151395095
2079.0,968177.8670248657
2079.1,968591.7358397373
2079.2,969005.6975760318
2079.3,969419.7522337497
2079.3,969833.8998128916
2079.4,970233.3444098148
2079.5,970647.674513181
2079.6,971062.0975379704
2079.7,971461.8077431968
2079.8,971876.413292211
2079.8,972276.2995029399
2079.9,972691.0875761781
2080.0,973091.1497924093
2080.1,973491.2984113414
2080.2,973891.5334329745
2080.3,974291.8548573086
2080.3,974692.2626843443
2080.4,975092.756914081
2080.5,975493.3375465183
2080.6,975894.0045816572
2080.7,976294.7580194969
2080.8,976680.7503992287
2080.8,977081.6734423705
2080.9,977467.8291457265
2081.0,977868.9217941705
2081.1,978255.2408211511
2081.2,978641.6399691545
2081.3,979042.9854255016
2081.3,979429.5478971298
2081.4,979816.1904897809
2081.5,980202.913203455
2081.6,980589.716038153
2081.7,980976.5989938735
2081.8,981348.6773938304
2081.8,981735.7175100204
2081.9,982122.8377472325
2082.0,982495.1443024701
2082.1,982882.4217001514
2082.2,983254.8793712247
2082.3,983642.3139293741
2082.3,984014.9227162825
2082.4,984387.6055795802
2082.5,984760.3625192677
2082.6,985133.1935353451
2082.7,985506.0986278125
2082.8,985879.0777966697
2082.8,986252.1310419163
2082.9,986625.2583635536
2083.0,986998.45976158
2083.1,987356.8027947526
2083.2,987730.149382503
2083.3,988088.6317978115
2083.3,988462.1235752862
2083.4,988820.7453727294
2083.5,989194.3823399283
2083.6,989553.1435195066
2083.7,989911.9729678857
2083.8,990270.8706850656
2083.8,990629.8366710462
2083.9,990988.8709258283
2084.0,991347.9734494106
2084.1,991707.144241794
2084.2,992066.3833029785
2084.3,992425.6906329636
2084.3,992770.0908854615
2084.4,993129.5319085147
2084.5,993489.0412003691
2084.6,993833.6349996577
2084.7,994193.2779845805
2084.8,994537.9999063932
2084.8,994882.7845264624
2084.9,995227.6318447876
2085.0,995587.539371314
2085.1,995932.5148121633
2085.2,996277.5529512689
2085.3,996622.6537886309
2085.3,996967.8173242495
2085.4,997298.0324181244
2085.5,997643.3186242441
2085.6,997988.6675286202
2085.7,998334.0791312524
2085.8,998664.5315066196
2085.8,999010.0657797537
2085.9,999340.6354921216
2086.0,999686.2924357574
2086.1,1000016.9794851274
2086.2,1000347.7238992534
2086.3,1000693.5634856354
2086.3,1001024.4252367625
2086.4,1001355.3443526465
2086.5,1001686.3208332865
2086.6,1002017.3546786825
2086.7,1002348.445888835
2086.8,1002679.594463744
2086.8,1002995.7443434864
2086.9,1003327.0050404188
2087.0,1003658.3231021073
2087.1,1003974.6347646848
2087.2,1004306.0649483975
2087.3,1004637.5524968661
2087.3,1004954.0259422788
2087.4,1005270.5516559929
2087.5,1005602.2060837522
2087.6,1005918.8388230342
2087.7,1006235.5238306166
2087.8,1006552.2611064999
2087.8,1006869.0506506835
2087.9,1007185.8924631681
2088.0,1007502.7865439528
2088.1,1007819.7328930381
2088.2,1008136.7315104248
2088.3,1008453.7823961116
2088.3,1008770.8855500997
2088.4,1009072.9371480094
2088.5,1009390.1423496313
2088.6,1009707.3998195541
2088.7,1010009.5983850211
2088.8,1010326.9579025789
2088.8,1010629.253656269
2088.9,1010931.596818849
2089.0,1011249.108163375
2089.1,1011551.5485141783
2089.2,1011854.0362738713
2089.3,1012156.5714424532
2089.3,1012459.1540199255
2089.4,1012761.7840062862
2089.5,1013064.4614015368
2089.6,1013367.186205677
2089.7,1013669.9584187067
2089.8,1013972.7780406259
2089.8,1014260.500593933
2089.9,1014563.4126631869
2090.0,1014866.3721413298
2090.1,1015154.2275580496
2090.2,1015457.2794835274
2090.3,1015745.2227252147
2090.3,1016048.3670980271
2090.4,1016336.3981646823
2090.5,1016624.4720178603
2090.6,1016912.5886575615
2090.7,1017215.9155545982
2090.8,1017504.1200192671
2090.8,1017792.3672704583
2090.9,1018080.6573081727
2091.0,1018368.9901324091
2091.1,1018657.3657431691
2091.2,1018945.7841404513
2091.3,1019219.062089988
2091.3,1019507.5638083941
2091.4,1019796.1083133225
2091.5,1020084.6956047735
2091.6,1020358.133559312
2091.7,1020646.8041718865
2091.8,1020920.3210622263
2091.8,1021209.074995924
2091.9,1021482.6708220644
2092.0,1021756.3050494059
2092.1,1022045.1828388274
2092.2,1022318.8960019695
2092.3,1022592.6475663118
2092.3,1022866.4375318547
2092.4,1023140.2658985981
2092.5,1023414.1326665417
2092.6,1023688.0378356865
2092.7,1023961.9814060316
2092.8,1024235.9633775768
2092.8,1024509.9837503226
2092.9,1024784.0425242689
2093.0,1025058.1396994153
2093.1,1025317.0445140828
2093.2,1025591.2163582304
2093.3,1025865.4266035787
2093.3,1026124.4382067688
2093.4,1026398.7231211183
2093.5,1026657.8052450321
2093.6,1026916.9216218677
2093.7,1027191.3174730183
2093.8,1027450.5043705776
2093.8,1027709.7255210595
2093.9,1027968.9809244641
2094.0,1028243.5239802166
2094.1,1028502.8499043446
2094.2,1028762.2100813948
2094.3,1029021.6045113679
2094.3,1029281.0331942637
2094.4,1029540.4961300818
2094.5,1029784.7278301308
2094.6,1030044.2572569165
2094.7,1030303.8209366256
2094.8,1030563.4188692565
2094.8,1030807.7776251289
2094.9,1031067.4420487275
2095.0,1031327.1407252487
2095.1,1031571.5942989008
2095.2,1031831.35946639
2095.3,1032075.8756197756
2095.3,1032320.422114851
2095.4,1032580.286011352
2095.5,1032824.8950861613
2095.6,1033069.5345026597
2095.7,1033329.4971281732
2095.8,1033574.1991244061
2095.8,1033818.9314623277
2095.9,1034063.6941419393
2096.0,1034308.4871632396
2096.1,1034553.3105262297
2096.2,1034798.1642309087
2096.3,1035043.048277277
2096.3,1035287.9626653346
2096.4,1035517.5974605556
2096.5,1035762.5706356361
2096.6,1036007.5741524058
2096.7,1036252.608010865
2096.8,1036482.3548095876
2096.8,1036727.4474550695
2096.9,1036957.2493666259
2097.0,1037202.400799131
2097.1,1037432.2578235215
2097.2,1037677.4680430496
2097.3,1037907.3801802739
2097.3,1038137.3189849986
2097.4,1038382.6164368833
2097.5,1038612.6103544417
2097.6,1038842.6309395013
2097.7,1039072.6781920607
2097.8,1039302.7521121204
2097.8,1039532.8526996805
2097.9,1039762.9799547414
2098.0,1039993.1338773018
2098.1,1040223.3144673638
2098.2,1040453.5217249247
2098.3,1040683.7556499869
2098.3,1040914.016242549
2098.4,1041128.9501889516
2098.5,1041359.2623386814
2098.6,1041589.6011559113
2098.7,1041819.9666406412
2098.8,1042034.9984864006
2098.8,1042265.4155282981
2098.9,1042480.4954940807
2099.0,1042710.9640931459
2099.1,1042926.092178951
2099.2,1043141.2434951116
2099.3,1043371.788541011
2099.3,1043586.9879771948
2099.4,1043802.2106437348
2099.5,1044032.8321364683
2099.6,1044248.1029230305
2099.7,1044463.3969399491
2099.8,1044678.7141872232
2099.8,1044894.0546648537
2099.9,1045109.418372839
2100.0,1045324.8053111811
2100.1,1045540.2154798789
2100.2,1045755.6488789322
2100.3,1045971.1055083422
2100.3,1046186.5853681071
2100.4,1046386.694609968
2100.5,1046602.2192711334
2100.6,1046817.7671626555
2100.7,1047033.3382845321
2100.8,1047233.5322697836
2100.8,1047449.1481930614
2100.9,1047649.3837796131
2101.0,1047865.0445042907
2101.1,1048065.3216921431
2101.2,1048281.0272182224
2101.3,1048481.3460073746
2101.3,1048697.0963348541
2101.4,1048897.456725307
2101.5,1049097.8371460158
2101.6,1049298.2375969805
2101.7,1049514.0758679498
2101.8,1049714.5179202147
2101.8,1049914.980002736
2101.9,1050115.4621155122
2102.0,1050315.964258545
2102.1,1050516.4864318324
2102.2,1050717.0286353768
2102.3,1050917.5908691767
2102.3,1051118.1731332329
2102.4,1051318.775427544
2102.5,1051519.3977521113
2102.6,1051704.6053685066
2102.7,1051905.2662127966
2102.8,1052105.9470873424
2102.8,1052306.6479921439
2102.9,1052491.9281441404
2103.0,1052692.667568665
2103.1,1052877.9832773283
2103.2,1053078.7612215758
2103.3,1053264.1124869063
2103.3,1053464.9289508758
2103.4,1053650.3157728738
2103.5,1053851.1707565666
2103.6,1054036.593135231
2103.7,1054222.0325810965
2103.8,1054422.9445739784
2103.8,1054608.419576511
2103.9,1054793.9116462434
2104.0,1054979.4207831766
2104.1,1055180.4082747146
2104.2,1055365.9529683145
2104.3,1055551.5147291147
2104.3,1055737.0935571152
2104.4,1055922.6894523152
2104.5,1056108.3024147165
2104.6,1056293.932444317
2104.7,1056479.5795411188
2104.8,1056665.2437051195
2104.8,1056835.4508485151
2104.9,1057021.1477246506
2105.0,1057206.8616679858
2105.1,1057392.5926785218
2105.2,1057562.8610979072
2105.3,1057748.6248205765
2105.3,1057934.4056104457
2105.4,1058104.7196608877
2105.5,1058290.5331628907
2105.6,1058476.3637320944
2105.7,1058646.7234135917
2105.8,1058832.5866949293
2105.8,1059002.9763625492
2105.9,1059173.380371359
2106.0,1059359.2920097632
2106.1,1059529.7260046953
2106.2,1059700.1743408167
2106.3,1059886.1343362888
2106.3,1060056.6126585326
2106.4,1060227.105321965
2106.5,1060397.6123265869
2106.6,1060583.6363240595
2106.7,1060754.173314804
2106.8,1060924.7246467373
2106.8,1061095.2903198602
2106.9,1061265.870334172
2107.0,1061436.4646896727
2107.1,1061607.0733863625
2107.2,1061777.696424241
2107.3,1061948.333803309
2107.3,1062103.4711382044
2107.4,1062274.135895906
2107.5,1062444.8149947966
2107.6,1062615.5084348763
2107.7,1062786.216216145
2107.8,1062941.4175530414
2107.8,1063112.1527129442
2107.9,1063282.9022140356
2108.0,1063438.1414780428
2108.1,1063608.9183577683
2108.2,1063764.1825114433
2108.3,1063934.9867698024
2108.3,1064090.2758131435
2108.4,1064261.1074501364
2108.5,1064416.4213831448
2108.6,1064587.2803987712
2108.7,1064742.6192214466
2108.8,1064897.9698963445
2108.8,1065068.8693280497
2108.9,1065224.2448926142
2109.0,1065379.6323094014
2109.1,1065550.5721571841
2109.2,1065705.9844636389
2109.3,1065861.4086223154
2109.3,1066016.8446332144
2109.4,1066172.2924963355
2109.5,1066327.7522116795
2109.6,1066483.2237792455
2109.7,1066638.7071990345
2109.8,1066794.202471045
2109.8,1066949.7095952781
2109.9,1067105.2285717337
2110.0,1067260.7594004117
2110.1,1067416.3020813123
2110.2,1067571.8566144349
2110.3,1067727.42299978
2110.3,1067867.4428802405
2110.4,1068023.0317848087
2110.5,1068178.632541598
2110.6,1068334.2451506106
2110.7,1068474.3066323719
2110.8,1068629.9417606068
2110.8,1068785.5887410638
2110.9,1068925.6811571254
2111.0,1069081.3506568053
2111.1,1069221.4633401672
2111.2,1069377.1553590696
2111.3,1069517.288309731
2111.3,1069673.0028478561
2111.4,1069813.1560658184
2111.5,1069968.893123166
2111.6,1070109.066608428
2111.7,1070249.2496939914
2111.8,1070405.019937561
2111.8,1070545.2232904243
2111.9,1070685.4362435872
2112.0,1070825.6587970501
2112.1,1070981.4728938434
2112.2,1071121.715714607
2112.3,1071261.9681356703
2112.3,1071402.2301570342
2112.4,1071542.501778698
2112.5,1071682.7830006618
2112.6,1071823.0738229265
2112.7,1071963.3742454902
2112.8,1072103.6842683547
2112.8,1072244.0038915193
2112.9,1072384.3331149842
2113.0,1072524.6719387486
2113.1,1072665.0203628135
2113.2,1072805.3783871783
2113.3,1072945.7460118432
2113.3,1073086.1232368087
2113.4,1073226.5100620736
2113.5,1073351.30641071
2113.6,1073491.7113698756
2113.7,1073632.1259293407
2113.8,1073756.9469305999
2113.8,1073897.3796239654
2113.9,1074037.8219176317
2114.0,1074162.6675715123
2114.1,1074303.1279990787
2114.2,1074443.598026945
2114.3,1074568.468333449
2114.3,1074708.9564952154
2114.4,1074833.842920741
2114.5,1074974.349216408
2114.6,1075099.2517609561
2114.7,1075224.161890927
2114.8,1075364.6948540944
2114.8,1075489.6211030872
2114.9,1075630.1722001547
2115.0,1075755.1145681702
2115.1,1075880.0645216084
2115.2,1076005.0220604683
2115.3,1076145.6083586363
2115.3,1076270.582016519
2115.4,1076395.5632598232
2115.5,1076520.5520885512
2115.6,1076661.1735878198
2115.7,1076786.178535569
2115.8,1076911.1910687413
2115.8,1077036.2111873352
2115.9,1077161.2388913515
2116.0,1077286.2741807909
2116.1,1077411.3170556517
2116.2,1077536.3675159353
2116.3,1077661.4255616416
2116.3,1077786.4911927697
2116.4,1077911.5644093202
2116.5,1078036.6452112934
2116.6,1078161.7335986884
2116.7,1078271.1921600758
2116.8,1078396.2947701376
2116.8,1078521.4049656226
2116.9,1078646.522746529
2117.0,1078771.6481128577
2117.1,1078881.1390308125
2117.2,1079006.2786198081
2117.3,1079131.4257942261
2117.3,1079240.9357942594
2117.4,1079366.0971913438
2117.5,1079491.266173851
2117.6,1079600.7952559618
2117.7,1079725.978461136
2117.8,1079835.5199880798
2117.8,1079960.7174159207
2117.9,1080085.9224291847
2118.0,1080195.4830382068
2118.1,1080305.0494548173
2118.2,1080430.2753279924
2118.3,1080539.854189437
2118.3,1080665.0942852788
2118.4,1080774.6855915564
2118.5,1080899.9399100647
2118.6,1081009.5436611765
2118.7,1081119.153219877
2118.8,1081228.7685861664
2118.8,1081354.0504018308
2118.9,1081463.6782129535
2119.0,1081573.3118316657
2119.1,1081682.951257967
2119.2,1081808.2605707867
2119.3,1081917.912441921
2119.3,1082027.5701206443
2119.4,1082137.233606957
2119.5,1082246.902900858
2119.6,1082356.578002348
2119.7,1082466.2589114273
2119.8,1082575.9456280957
2119.8,1082701.3089870496
2119.9,1082811.0081485515
2120.0,1082920.7131176416
2120.1,1083014.750570658
2120.2,1083124.4663252705
2120.3,1083234.187887473
2120.3,1083343.9152572637
2120.4,1083453.6484346434
2120.5,1083563.3874196121
2120.6,1083673.1322121697
2120.7,1083782.8828123168
2120.8,1083876.9593776665
2120.8,1083986.720763336
2120.9,1084096.4879565935
2121.0,1084206.2609574406
2121.1,1084316.039765876
2121.2,1084410.1405097598
2121.3,1084519.9301037178
2121.3,1084629.7255052654
2121.4,1084723.8404718156
2121.5,1084833.6466588855
2121.6,1084927.7708701692
2121.7,1085037.587842761
2121.8,1085147.4106229418
2121.8,1085241.549056892
2121.9,1085351.3826225956
