YYYYMM,Hydro,Coal,Gas,Diesel,Nuclear,RES,Total
194712.0,508.0,756.0,0.0,98.0,0.0,0.0,1362.0
194801.0,508.0,756.0,0.0,98.0,0.0,0.0,1362.0
194802.0,508.0,756.0,0.0,98.0,0.0,0.0,1362.0
194803.0,508.0,756.0,0.0,98.0,0.0,0.0,1362.0
194804.0,508.0,756.0,0.0,98.0,0.0,0.0,1362.0
194805.0,508.0,756.0,0.0,98.0,0.0,0.0,1362.0
194806.0,508.0,756.0,0.0,98.0,0.0,0.0,1362.0
194807.0,508.0,756.0,0.0,98.0,0.0,0.0,1362.0
194808.0,508.0,756.0,0.0,98.0,0.0,0.0,1362.0
194809.0,508.0,756.0,0.0,98.0,0.0,0.0,1362.0
194810.0,508.0,756.0,0.0,98.0,0.0,0.0,1362.0
194811.0,508.0,756.0,0.0,98.0,0.0,0.0,1362.0
194812.0,508.0,756.0,0.0,98.0,0.0,0.0,1362.0
194901.0,508.0,756.0,0.0,98.0,0.0,0.0,1362.0
194902.0,508.0,756.0,0.0,98.0,0.0,0.0,1362.0
194903.0,508.0,756.0,0.0,98.0,0.0,0.0,1362.0
194904.0,508.0,756.0,0.0,98.0,0.0,0.0,1362.0
194905.0,508.0,756.0,0.0,98.0,0.0,0.0,1362.0
194906.0,508.0,756.0,0.0,98.0,0.0,0.0,1362.0
194907.0,508.0,756.0,0.0,98.0,0.0,0.0,1362.0
194908.0,508.0,756.0,0.0,98.0,0.0,0.0,1362.0
194909.0,508.0,756.0,0.0,98.0,0.0,0.0,1362.0
194910.0,508.0,756.0,0.0,98.0,0.0,0.0,1362.0
194911.0,508.0,756.0,0.0,98.0,0.0,0.0,1362.0
194912.0,508.0,756.0,0.0,98.0,0.0,0.0,1362.0
195001.0,508.0,756.0,0.0,98.0,0.0,0.0,1362.0
195002.0,508.0,756.0,0.0,98.0,0.0,0.0,1362.0
195003.0,508.0,756.0,0.0,98.0,0.0,0.0,1362.0
195004.0,508.0,756.0,0.0,98.0,0.0,0.0,1362.0
195005.0,508.0,756.0,0.0,98.0,0.0,0.0,1362.0
195006.0,508.0,756.0,0.0,98.0,0.0,0.0,1362.0
195007.0,508.0,756.0,0.0,98.0,0.0,0.0,1362.0
195008.0,508.0,756.0,0.0,98.0,0.0,0.0,1362.0
195009.0,508.0,756.0,0.0,98.0,0.0,0.0,1362.0
195010.0,508.0,756.0,0.0,98.0,0.0,0.0,1362.0
195011.0,508.0,756.0,0.0,98.0,0.0,0.0,1362.0
195012.0,560.0,1004.0,0.0,149.0,0.0,0.0,1713.0
195101.0,560.0,1004.0,0.0,149.0,0.0,0.0,1713.0
195102.0,560.0,1004.0,0.0,149.0,0.0,0.0,1713.0
195103.0,560.0,1004.0,0.0,149.0,0.0,0.0,1713.0
195104.0,560.0,1004.0,0.0,149.0,0.0,0.0,1713.0
195105.0,560.0,1004.0,0.0,149.0,0.0,0.0,1713.0
195106.0,560.0,1004.0,0.0,149.0,0.0,0.0,1713.0
195107.0,560.0,1004.0,0.0,149.0,0.0,0.0,1713.0
195108.0,560.0,1004.0,0.0,149.0,0.0,0.0,1713.0
195109.0,560.0,1004.0,0.0,149.0,0.0,0.0,1713.0
195110.0,560.0,1004.0,0.0,149.0,0.0,0.0,1713.0
195111.0,560.0,1004.0,0.0,149.0,0.0,0.0,1713.0
195112.0,560.0,1004.0,0.0,149.0,0.0,0.0,1713.0
195201.0,560.0,1004.0,0.0,149.0,0.0,0.0,1713.0
195202.0,560.0,1004.0,0.0,149.0,0.0,0.0,1713.0
195203.0,560.0,1004.0,0.0,149.0,0.0,0.0,1713.0
195204.0,560.0,1004.0,0.0,149.0,0.0,0.0,1713.0
195205.0,560.0,1004.0,0.0,149.0,0.0,0.0,1713.0
195206.0,560.0,1004.0,0.0,149.0,0.0,0.0,1713.0
195207.0,560.0,1004.0,0.0,149.0,0.0,0.0,1713.0
195208.0,560.0,1004.0,0.0,149.0,0.0,0.0,1713.0
195209.0,560.0,1004.0,0.0,149.0,0.0,0.0,1713.0
195210.0,560.0,1004.0,0.0,149.0,0.0,0.0,1713.0
195211.0,560.0,1004.0,0.0,149.0,0.0,0.0,1713.0
195212.0,560.0,1004.0,0.0,149.0,0.0,0.0,1713.0
195301.0,560.0,1004.0,0.0,149.0,0.0,0.0,1713.0
195302.0,560.0,1004.0,0.0,149.0,0.0,0.0,1713.0
195303.0,560.0,1004.0,0.0,149.0,0.0,0.0,1713.0
195304.0,560.0,1004.0,0.0,149.0,0.0,0.0,1713.0
195305.0,560.0,1004.0,0.0,149.0,0.0,0.0,1713.0
195306.0,560.0,1004.0,0.0,149.0,0.0,0.0,1713.0
195307.0,560.0,1004.0,0.0,149.0,0.0,0.0,1713.0
195308.0,560.0,1004.0,0.0,149.0,0.0,0.0,1713.0
195309.0,560.0,1004.0,0.0,149.0,0.0,0.0,1713.0
195310.0,560.0,1004.0,0.0,149.0,0.0,0.0,1713.0
195311.0,560.0,1004.0,0.0,149.0,0.0,0.0,1713.0
195312.0,560.0,1004.0,0.0,149.0,0.0,0.0,1713.0
195401.0,560.0,1004.0,0.0,149.0,0.0,0.0,1713.0
195402.0,560.0,1004.0,0.0,149.0,0.0,0.0,1713.0
195403.0,560.0,1004.0,0.0,149.0,0.0,0.0,1713.0
195404.0,560.0,1004.0,0.0,149.0,0.0,0.0,1713.0
195405.0,560.0,1004.0,0.0,149.0,0.0,0.0,1713.0
195406.0,560.0,1004.0,0.0,149.0,0.0,0.0,1713.0
195407.0,560.0,1004.0,0.0,149.0,0.0,0.0,1713.0
195408.0,560.0,1004.0,0.0,149.0,0.0,0.0,1713.0
195409.0,560.0,1004.0,0.0,149.0,0.0,0.0,1713.0
195410.0,560.0,1004.0,0.0,149.0,0.0,0.0,1713.0
195411.0,560.0,1004.0,0.0,149.0,0.0,0.0,1713.0
195412.0,560.0,1004.0,0.0,149.0,0.0,0.0,1713.0
195501.0,560.0,1004.0,0.0,149.0,0.0,0.0,1713.0
195502.0,560.0,1004.0,0.0,149.0,0.0,0.0,1713.0
195503.0,560.0,1004.0,0.0,149.0,0.0,0.0,1713.0
195504.0,560.0,1004.0,0.0,149.0,0.0,0.0,1713.0
195505.0,560.0,1004.0,0.0,149.0,0.0,0.0,1713.0
195506.0,560.0,1004.0,0.0,149.0,0.0,0.0,1713.0
195507.0,560.0,1004.0,0.0,149.0,0.0,0.0,1713.0
195508.0,560.0,1004.0,0.0,149.0,0.0,0.0,1713.0
195509.0,560.0,1004.0,0.0,149.0,0.0,0.0,1713.0
195510.0,560.0,1004.0,0.0,149.0,0.0,0.0,1713.0
195511.0,560.0,1004.0,0.0,149.0,0.0,0.0,1713.0
195512.0,560.0,1004.0,0.0,149.0,0.0,0.0,1713.0
195601.0,560.0,1004.0,0.0,149.0,0.0,0.0,1713.0
195602.0,560.0,1004.0,0.0,149.0,0.0,0.0,1713.0
195603.0,1061.0,1597.0,0.0,228.0,0.0,0.0,2886.0
195604.0,1061.0,1597.0,0.0,228.0,0.0,0.0,2886.0
195605.0,1061.0,1597.0,0.0,228.0,0.0,0.0,2886.0
195606.0,1061.0,1597.0,0.0,228.0,0.0,0.0,2886.0
195607.0,1061.0,1597.0,0.0,228.0,0.0,0.0,2886.0
195608.0,1061.0,1597.0,0.0,228.0,0.0,0.0,2886.0
195609.0,1061.0,1597.0,0.0,228.0,0.0,0.0,2886.0
195610.0,1061.0,1597.0,0.0,228.0,0.0,0.0,2886.0
195611.0,1061.0,1597.0,0.0,228.0,0.0,0.0,2886.0
195612.0,1061.0,1597.0,0.0,228.0,0.0,0.0,2886.0
195701.0,1061.0,1597.0,0.0,228.0,0.0,0.0,2886.0
195702.0,1061.0,1597.0,0.0,228.0,0.0,0.0,2886.0
195703.0,1061.0,1597.0,0.0,228.0,0.0,0.0,2886.0
195704.0,1061.0,1597.0,0.0,228.0,0.0,0.0,2886.0
195705.0,1061.0,1597.0,0.0,228.0,0.0,0.0,2886.0
195706.0,1061.0,1597.0,0.0,228.0,0.0,0.0,2886.0
195707.0,1061.0,1597.0,0.0,228.0,0.0,0.0,2886.0
195708.0,1061.0,1597.0,0.0,228.0,0.0,0.0,2886.0
195709.0,1061.0,1597.0,0.0,228.0,0.0,0.0,2886.0
195710.0,1061.0,1597.0,0.0,228.0,0.0,0.0,2886.0
195711.0,1061.0,1597.0,0.0,228.0,0.0,0.0,2886.0
195712.0,1061.0,1597.0,0.0,228.0,0.0,0.0,2886.0
195801.0,1061.0,1597.0,0.0,228.0,0.0,0.0,2886.0
195802.0,1061.0,1597.0,0.0,228.0,0.0,0.0,2886.0
195803.0,1061.0,1597.0,0.0,228.0,0.0,0.0,2886.0
195804.0,1061.0,1597.0,0.0,228.0,0.0,0.0,2886.0
195805.0,1061.0,1597.0,0.0,228.0,0.0,0.0,2886.0
195806.0,1061.0,1597.0,0.0,228.0,0.0,0.0,2886.0
195807.0,1061.0,1597.0,0.0,228.0,0.0,0.0,2886.0
195808.0,1061.0,1597.0,0.0,228.0,0.0,0.0,2886.0
195809.0,1061.0,1597.0,0.0,228.0,0.0,0.0,2886.0
195810.0,1061.0,1597.0,0.0,228.0,0.0,0.0,2886.0
195811.0,1061.0,1597.0,0.0,228.0,0.0,0.0,2886.0
195812.0,1061.0,1597.0,0.0,228.0,0.0,0.0,2886.0
195901.0,1061.0,1597.0,0.0,228.0,0.0,0.0,2886.0
195902.0,1061.0,1597.0,0.0,228.0,0.0,0.0,2886.0
195903.0,1061.0,1597.0,0.0,228.0,0.0,0.0,2886.0
195904.0,1061.0,1597.0,0.0,228.0,0.0,0.0,2886.0
195905.0,1061.0,1597.0,0.0,228.0,0.0,0.0,2886.0
195906.0,1061.0,1597.0,0.0,228.0,0.0,0.0,2886.0
195907.0,1061.0,1597.0,0.0,228.0,0.0,0.0,2886.0
195908.0,1061.0,1597.0,0.0,228.0,0.0,0.0,2886.0
195909.0,1061.0,1597.0,0.0,228.0,0.0,0.0,2886.0
195910.0,1061.0,1597.0,0.0,228.0,0.0,0.0,2886.0
195911.0,1061.0,1597.0,0.0,228.0,0.0,0.0,2886.0
195912.0,1061.0,1597.0,0.0,228.0,0.0,0.0,2886.0
196001.0,1061.0,1597.0,0.0,228.0,0.0,0.0,2886.0
196002.0,1061.0,1597.0,0.0,228.0,0.0,0.0,2886.0
196003.0,1061.0,1597.0,0.0,228.0,0.0,0.0,2886.0
196004.0,1061.0,1597.0,0.0,228.0,0.0,0.0,2886.0
196005.0,1061.0,1597.0,0.0,228.0,0.0,0.0,2886.0
196006.0,1061.0,1597.0,0.0,228.0,0.0,0.0,2886.0
196007.0,1061.0,1597.0,0.0,228.0,0.0,0.0,2886.0
196008.0,1061.0,1597.0,0.0,228.0,0.0,0.0,2886.0
196009.0,1061.0,1597.0,0.0,228.0,0.0,0.0,2886.0
196010.0,1061.0,1597.0,0.0,228.0,0.0,0.0,2886.0
196011.0,1061.0,1597.0,0.0,228.0,0.0,0.0,2886.0
196012.0,1061.0,1597.0,0.0,228.0,0.0,0.0,2886.0
196101.0,1061.0,1597.0,0.0,228.0,0.0,0.0,2886.0
196102.0,1061.0,1597.0,0.0,228.0,0.0,0.0,2886.0
196103.0,1917.0,2436.0,0.0,300.0,0.0,0.0,4653.0
196104.0,1917.0,2436.0,0.0,300.0,0.0,0.0,4653.0
196105.0,1917.0,2436.0,0.0,300.0,0.0,0.0,4653.0
196106.0,1917.0,2436.0,0.0,300.0,0.0,0.0,4653.0
196107.0,1917.0,2436.0,0.0,300.0,0.0,0.0,4653.0
196108.0,1917.0,2436.0,0.0,300.0,0.0,0.0,4653.0
196109.0,1917.0,2436.0,0.0,300.0,0.0,0.0,4653.0
196110.0,1917.0,2436.0,0.0,300.0,0.0,0.0,4653.0
196111.0,1917.0,2436.0,0.0,300.0,0.0,0.0,4653.0
196112.0,1917.0,2436.0,0.0,300.0,0.0,0.0,4653.0
196201.0,1917.0,2436.0,0.0,300.0,0.0,0.0,4653.0
196202.0,1917.0,2436.0,0.0,300.0,0.0,0.0,4653.0
196203.0,1917.0,2436.0,0.0,300.0,0.0,0.0,4653.0
196204.0,1917.0,2436.0,0.0,300.0,0.0,0.0,4653.0
196205.0,1917.0,2436.0,0.0,300.0,0.0,0.0,4653.0
196206.0,1917.0,2436.0,0.0,300.0,0.0,0.0,4653.0
196207.0,1917.0,2436.0,0.0,300.0,0.0,0.0,4653.0
196208.0,1917.0,2436.0,0.0,300.0,0.0,0.0,4653.0
196209.0,1917.0,2436.0,0.0,300.0,0.0,0.0,4653.0
196210.0,1917.0,2436.0,0.0,300.0,0.0,0.0,4653.0
196211.0,1917.0,2436.0,0.0,300.0,0.0,0.0,4653.0
196212.0,1917.0,2436.0,0.0,300.0,0.0,0.0,4653.0
196301.0,1917.0,2436.0,0.0,300.0,0.0,0.0,4653.0
196302.0,1917.0,2436.0,0.0,300.0,0.0,0.0,4653.0
196303.0,1917.0,2436.0,0.0,300.0,0.0,0.0,4653.0
196304.0,1917.0,2436.0,0.0,300.0,0.0,0.0,4653.0
196305.0,1917.0,2436.0,0.0,300.0,0.0,0.0,4653.0
196306.0,1917.0,2436.0,0.0,300.0,0.0,0.0,4653.0
196307.0,1917.0,2436.0,0.0,300.0,0.0,0.0,4653.0
196308.0,1917.0,2436.0,0.0,300.0,0.0,0.0,4653.0
196309.0,1917.0,2436.0,0.0,300.0,0.0,0.0,4653.0
196310.0,1917.0,2436.0,0.0,300.0,0.0,0.0,4653.0
196311.0,1917.0,2436.0,0.0,300.0,0.0,0.0,4653.0
196312.0,1917.0,2436.0,0.0,300.0,0.0,0.0,4653.0
196401.0,1917.0,2436.0,0.0,300.0,0.0,0.0,4653.0
196402.0,1917.0,2436.0,0.0,300.0,0.0,0.0,4653.0
196403.0,1917.0,2436.0,0.0,300.0,0.0,0.0,4653.0
196404.0,1917.0,2436.0,0.0,300.0,0.0,0.0,4653.0
196405.0,1917.0,2436.0,0.0,300.0,0.0,0.0,4653.0
196406.0,1917.0,2436.0,0.0,300.0,0.0,0.0,4653.0
196407.0,1917.0,2436.0,0.0,300.0,0.0,0.0,4653.0
196408.0,1917.0,2436.0,0.0,300.0,0.0,0.0,4653.0
196409.0,1917.0,2436.0,0.0,300.0,0.0,0.0,4653.0
196410.0,1917.0,2436.0,0.0,300.0,0.0,0.0,4653.0
196411.0,1917.0,2436.0,0.0,300.0,0.0,0.0,4653.0
196412.0,1917.0,2436.0,0.0,300.0,0.0,0.0,4653.0
196501.0,1917.0,2436.0,0.0,300.0,0.0,0.0,4653.0
196502.0,1917.0,2436.0,0.0,300.0,0.0,0.0,4653.0
196503.0,1917.0,2436.0,0.0,300.0,0.0,0.0,4653.0
196504.0,1917.0,2436.0,0.0,300.0,0.0,0.0,4653.0
196505.0,1917.0,2436.0,0.0,300.0,0.0,0.0,4653.0
196506.0,1917.0,2436.0,0.0,300.0,0.0,0.0,4653.0
196507.0,1917.0,2436.0,0.0,300.0,0.0,0.0,4653.0
196508.0,1917.0,2436.0,0.0,300.0,0.0,0.0,4653.0
196509.0,1917.0,2436.0,0.0,300.0,0.0,0.0,4653.0
196510.0,1917.0,2436.0,0.0,300.0,0.0,0.0,4653.0
196511.0,1917.0,2436.0,0.0,300.0,0.0,0.0,4653.0
196512.0,1917.0,2436.0,0.0,300.0,0.0,0.0,4653.0
196601.0,1917.0,2436.0,0.0,300.0,0.0,0.0,4653.0
196602.0,1917.0,2436.0,0.0,300.0,0.0,0.0,4653.0
196603.0,4124.0,4417.0,134.0,352.0,0.0,0.0,9027.0
196604.0,4124.0,4417.0,134.0,352.0,0.0,0.0,9027.0
196605.0,4124.0,4417.0,134.0,352.0,0.0,0.0,9027.0
196606.0,4124.0,4417.0,134.0,352.0,0.0,0.0,9027.0
196607.0,4124.0,4417.0,134.0,352.0,0.0,0.0,9027.0
196608.0,4124.0,4417.0,134.0,352.0,0.0,0.0,9027.0
196609.0,4124.0,4417.0,134.0,352.0,0.0,0.0,9027.0
196610.0,4124.0,4417.0,134.0,352.0,0.0,0.0,9027.0
196611.0,4124.0,4417.0,134.0,352.0,0.0,0.0,9027.0
196612.0,4124.0,4417.0,134.0,352.0,0.0,0.0,9027.0
196701.0,4124.0,4417.0,134.0,352.0,0.0,0.0,9027.0
196702.0,4124.0,4417.0,134.0,352.0,0.0,0.0,9027.0
196703.0,4124.0,4417.0,134.0,352.0,0.0,0.0,9027.0
196704.0,4124.0,4417.0,134.0,352.0,0.0,0.0,9027.0
196705.0,4124.0,4417.0,134.0,352.0,0.0,0.0,9027.0
196706.0,4124.0,4417.0,134.0,352.0,0.0,0.0,9027.0
196707.0,4124.0,4417.0,134.0,352.0,0.0,0.0,9027.0
196708.0,4124.0,4417.0,134.0,352.0,0.0,0.0,9027.0
196709.0,4124.0,4417.0,134.0,352.0,0.0,0.0,9027.0
196710.0,4124.0,4417.0,134.0,352.0,0.0,0.0,9027.0
196711.0,4124.0,4417.0,134.0,352.0,0.0,0.0,9027.0
196712.0,4124.0,4417.0,134.0,352.0,0.0,0.0,9027.0
196801.0,4124.0,4417.0,134.0,352.0,0.0,0.0,9027.0
196802.0,4124.0,4417.0,134.0,352.0,0.0,0.0,9027.0
196803.0,4124.0,4417.0,134.0,352.0,0.0,0.0,9027.0
196804.0,4124.0,4417.0,134.0,352.0,0.0,0.0,9027.0
196805.0,4124.0,4417.0,134.0,352.0,0.0,0.0,9027.0
196806.0,4124.0,4417.0,134.0,352.0,0.0,0.0,9027.0
196807.0,4124.0,4417.0,134.0,352.0,0.0,0.0,9027.0
196808.0,4124.0,4417.0,134.0,352.0,0.0,0.0,9027.0
196809.0,4124.0,4417.0,134.0,352.0,0.0,0.0,9027.0
196810.0,4124.0,4417.0,134.0,352.0,0.0,0.0,9027.0
196811.0,4124.0,4417.0,134.0,352.0,0.0,0.0,9027.0
196812.0,4124.0,4417.0,134.0,352.0,0.0,0.0,9027.0
196901.0,4124.0,4417.0,134.0,352.0,0.0,0.0,9027.0
196902.0,4124.0,4417.0,134.0,352.0,0.0,0.0,9027.0
196903.0,5907.0,6640.0,134.0,276.0,0.0,0.0,12957.0
196904.0,5907.0,6640.0,134.0,276.0,0.0,0.0,12957.0
196905.0,5907.0,6640.0,134.0,276.0,0.0,0.0,12957.0
196906.0,5907.0,6640.0,134.0,276.0,0.0,0.0,12957.0
196907.0,5907.0,6640.0,134.0,276.0,0.0,0.0,12957.0
196908.0,5907.0,6640.0,134.0,276.0,0.0,0.0,12957.0
196909.0,5907.0,6640.0,134.0,276.0,0.0,0.0,12957.0
196910.0,5907.0,6640.0,134.0,276.0,0.0,0.0,12957.0
196911.0,5907.0,6640.0,134.0,276.0,0.0,0.0,12957.0
196912.0,5907.0,6640.0,134.0,276.0,0.0,0.0,12957.0
197001.0,5907.0,6640.0,134.0,276.0,0.0,0.0,12957.0
197002.0,5907.0,6640.0,134.0,276.0,0.0,0.0,12957.0
197003.0,5907.0,6640.0,134.0,276.0,0.0,0.0,12957.0
197004.0,5907.0,6640.0,134.0,276.0,0.0,0.0,12957.0
197005.0,5907.0,6640.0,134.0,276.0,0.0,0.0,12957.0
197006.0,5907.0,6640.0,134.0,276.0,0.0,0.0,12957.0
197007.0,5907.0,6640.0,134.0,276.0,0.0,0.0,12957.0
197008.0,5907.0,6640.0,134.0,276.0,0.0,0.0,12957.0
197009.0,5907.0,6640.0,134.0,276.0,0.0,0.0,12957.0
197010.0,5907.0,6640.0,134.0,276.0,0.0,0.0,12957.0
197011.0,5907.0,6640.0,134.0,276.0,0.0,0.0,12957.0
197012.0,5907.0,6640.0,134.0,276.0,0.0,0.0,12957.0
197101.0,5907.0,6640.0,134.0,276.0,0.0,0.0,12957.0
197102.0,5907.0,6640.0,134.0,276.0,0.0,0.0,12957.0
197103.0,5907.0,6640.0,134.0,276.0,0.0,0.0,12957.0
197104.0,5907.0,6640.0,134.0,276.0,0.0,0.0,12957.0
197105.0,5907.0,6640.0,134.0,276.0,0.0,0.0,12957.0
197106.0,5907.0,6640.0,134.0,276.0,0.0,0.0,12957.0
197107.0,5907.0,6640.0,134.0,276.0,0.0,0.0,12957.0
197108.0,5907.0,6640.0,134.0,276.0,0.0,0.0,12957.0
197109.0,5907.0,6640.0,134.0,276.0,0.0,0.0,12957.0
197110.0,5907.0,6640.0,134.0,276.0,0.0,0.0,12957.0
197111.0,5907.0,6640.0,134.0,276.0,0.0,0.0,12957.0
197112.0,5907.0,6640.0,134.0,276.0,0.0,0.0,12957.0
197201.0,5907.0,6640.0,134.0,276.0,0.0,0.0,12957.0
197202.0,5907.0,6640.0,134.0,276.0,0.0,0.0,12957.0
197203.0,5907.0,6640.0,134.0,276.0,0.0,0.0,12957.0
197204.0,5907.0,6640.0,134.0,276.0,0.0,0.0,12957.0
197205.0,5907.0,6640.0,134.0,276.0,0.0,0.0,12957.0
197206.0,5907.0,6640.0,134.0,276.0,0.0,0.0,12957.0
197207.0,5907.0,6640.0,134.0,276.0,0.0,0.0,12957.0
197208.0,5907.0,6640.0,134.0,276.0,0.0,0.0,12957.0
197209.0,5907.0,6640.0,134.0,276.0,0.0,0.0,12957.0
197210.0,5907.0,6640.0,134.0,276.0,0.0,0.0,12957.0
197211.0,5907.0,6640.0,134.0,276.0,0.0,0.0,12957.0
197212.0,5907.0,6640.0,134.0,276.0,0.0,0.0,12957.0
197301.0,5907.0,6640.0,134.0,276.0,0.0,0.0,12957.0
197302.0,5907.0,6640.0,134.0,276.0,0.0,0.0,12957.0
197303.0,5907.0,6640.0,134.0,276.0,0.0,0.0,12957.0
197304.0,5907.0,6640.0,134.0,276.0,0.0,0.0,12957.0
197305.0,5907.0,6640.0,134.0,276.0,0.0,0.0,12957.0
197306.0,5907.0,6640.0,134.0,276.0,0.0,0.0,12957.0
197307.0,5907.0,6640.0,134.0,276.0,0.0,0.0,12957.0
197308.0,5907.0,6640.0,134.0,276.0,0.0,0.0,12957.0
197309.0,5907.0,6640.0,134.0,276.0,0.0,0.0,12957.0
197310.0,5907.0,6640.0,134.0,276.0,0.0,0.0,12957.0
197311.0,5907.0,6640.0,134.0,276.0,0.0,0.0,12957.0
197312.0,5907.0,6640.0,134.0,276.0,0.0,0.0,12957.0
197401.0,5907.0,6640.0,134.0,276.0,0.0,0.0,12957.0
197402.0,5907.0,6640.0,134.0,276.0,0.0,0.0,12957.0
197403.0,6966.0,8652.0,165.0,241.0,640.0,0.0,16664.0
197404.0,6966.0,8652.0,165.0,241.0,640.0,0.0,16664.0
197405.0,6966.0,8652.0,165.0,241.0,640.0,0.0,16664.0
197406.0,6966.0,8652.0,165.0,241.0,640.0,0.0,16664.0
197407.0,6966.0,8652.0,165.0,241.0,640.0,0.0,16664.0
197408.0,6966.0,8652.0,165.0,241.0,640.0,0.0,16664.0
197409.0,6966.0,8652.0,165.0,241.0,640.0,0.0,16664.0
197410.0,6966.0,8652.0,165.0,241.0,640.0,0.0,16664.0
197411.0,6966.0,8652.0,165.0,241.0,640.0,0.0,16664.0
197412.0,6966.0,8652.0,165.0,241.0,640.0,0.0,16664.0
197501.0,6966.0,8652.0,165.0,241.0,640.0,0.0,16664.0
197502.0,6966.0,8652.0,165.0,241.0,640.0,0.0,16664.0
197503.0,6966.0,8652.0,165.0,241.0,640.0,0.0,16664.0
197504.0,6966.0,8652.0,165.0,241.0,640.0,0.0,16664.0
197505.0,6966.0,8652.0,165.0,241.0,640.0,0.0,16664.0
197506.0,6966.0,8652.0,165.0,241.0,640.0,0.0,16664.0
197507.0,6966.0,8652.0,165.0,241.0,640.0,0.0,16664.0
197508.0,6966.0,8652.0,165.0,241.0,640.0,0.0,16664.0
197509.0,6966.0,8652.0,165.0,241.0,640.0,0.0,16664.0
197510.0,6966.0,8652.0,165.0,241.0,640.0,0.0,16664.0
197511.0,6966.0,8652.0,165.0,241.0,640.0,0.0,16664.0
197512.0,6966.0,8652.0,165.0,241.0,640.0,0.0,16664.0
197601.0,6966.0,8652.0,165.0,241.0,640.0,0.0,16664.0
197602.0,6966.0,8652.0,165.0,241.0,640.0,0.0,16664.0
197603.0,6966.0,8652.0,165.0,241.0,640.0,0.0,16664.0
197604.0,6966.0,8652.0,165.0,241.0,640.0,0.0,16664.0
197605.0,6966.0,8652.0,165.0,241.0,640.0,0.0,16664.0
197606.0,6966.0,8652.0,165.0,241.0,640.0,0.0,16664.0
197607.0,6966.0,8652.0,165.0,241.0,640.0,0.0,16664.0
197608.0,6966.0,8652.0,165.0,241.0,640.0,0.0,16664.0
197609.0,6966.0,8652.0,165.0,241.0,640.0,0.0,16664.0
197610.0,6966.0,8652.0,165.0,241.0,640.0,0.0,16664.0
197611.0,6966.0,8652.0,165.0,241.0,640.0,0.0,16664.0
197612.0,6966.0,8652.0,165.0,241.0,640.0,0.0,16664.0
197701.0,6966.0,8652.0,165.0,241.0,640.0,0.0,16664.0
197702.0,6966.0,8652.0,165.0,241.0,640.0,0.0,16664.0
197703.0,6966.0,8652.0,165.0,241.0,640.0,0.0,16664.0
197704.0,6966.0,8652.0,165.0,241.0,640.0,0.0,16664.0
197705.0,6966.0,8652.0,165.0,241.0,640.0,0.0,16664.0
197706.0,6966.0,8652.0,165.0,241.0,640.0,0.0,16664.0
197707.0,6966.0,8652.0,165.0,241.0,640.0,0.0,16664.0
197708.0,6966.0,8652.0,165.0,241.0,640.0,0.0,16664.0
197709.0,6966.0,8652.0,165.0,241.0,640.0,0.0,16664.0
197710.0,6966.0,8652.0,165.0,241.0,640.0,0.0,16664.0
197711.0,6966.0,8652.0,165.0,241.0,640.0,0.0,16664.0
197712.0,6966.0,8652.0,165.0,241.0,640.0,0.0,16664.0
197801.0,6966.0,8652.0,165.0,241.0,640.0,0.0,16664.0
197802.0,6966.0,8652.0,165.0,241.0,640.0,0.0,16664.0
197803.0,6966.0,8652.0,165.0,241.0,640.0,0.0,16664.0
197804.0,6966.0,8652.0,165.0,241.0,640.0,0.0,16664.0
197805.0,6966.0,8652.0,165.0,241.0,640.0,0.0,16664.0
197806.0,6966.0,8652.0,165.0,241.0,640.0,0.0,16664.0
197807.0,6966.0,8652.0,165.0,241.0,640.0,0.0,16664.0
197808.0,6966.0,8652.0,165.0,241.0,640.0,0.0,16664.0
197809.0,6966.0,8652.0,165.0,241.0,640.0,0.0,16664.0
197810.0,6966.0,8652.0,165.0,241.0,640.0,0.0,16664.0
197811.0,6966.0,8652.0,165.0,241.0,640.0,0.0,16664.0
197812.0,6966.0,8652.0,165.0,241.0,640.0,0.0,16664.0
197901.0,6966.0,8652.0,165.0,241.0,640.0,0.0,16664.0
197902.0,6966.0,8652.0,165.0,241.0,640.0,0.0,16664.0
197903.0,10833.0,14875.0,168.0,164.0,640.0,0.0,26680.0
197904.0,10833.0,14875.0,168.0,164.0,640.0,0.0,26680.0
197905.0,10833.0,14875.0,168.0,164.0,640.0,0.0,26680.0
197906.0,10833.0,14875.0,168.0,164.0,640.0,0.0,26680.0
197907.0,10833.0,14875.0,168.0,164.0,640.0,0.0,26680.0
197908.0,10833.0,14875.0,168.0,164.0,640.0,0.0,26680.0
197909.0,10833.0,14875.0,168.0,164.0,640.0,0.0,26680.0
197910.0,10833.0,14875.0,168.0,164.0,640.0,0.0,26680.0
197911.0,10833.0,14875.0,168.0,164.0,640.0,0.0,26680.0
197912.0,10833.0,14875.0,168.0,164.0,640.0,0.0,26680.0
198001.0,10833.0,14875.0,168.0,164.0,640.0,0.0,26680.0
198002.0,10833.0,14875.0,168.0,164.0,640.0,0.0,26680.0
198003.0,11384.0,15991.0,268.0,165.0,640.0,0.0,28448.0
198004.0,11384.0,15991.0,268.0,165.0,640.0,0.0,28448.0
198005.0,11384.0,15991.0,268.0,165.0,640.0,0.0,28448.0
198006.0,11384.0,15991.0,268.0,165.0,640.0,0.0,28448.0
198007.0,11384.0,15991.0,268.0,165.0,640.0,0.0,28448.0
198008.0,11384.0,15991.0,268.0,165.0,640.0,0.0,28448.0
198009.0,11384.0,15991.0,268.0,165.0,640.0,0.0,28448.0
198010.0,11384.0,15991.0,268.0,165.0,640.0,0.0,28448.0
198011.0,11384.0,15991.0,268.0,165.0,640.0,0.0,28448.0
198012.0,11384.0,15991.0,268.0,165.0,640.0,0.0,28448.0
198101.0,11384.0,15991.0,268.0,165.0,640.0,0.0,28448.0
198102.0,11384.0,15991.0,268.0,165.0,640.0,0.0,28448.0
198103.0,11384.0,15991.0,268.0,165.0,640.0,0.0,28448.0
198104.0,11384.0,15991.0,268.0,165.0,640.0,0.0,28448.0
198105.0,11384.0,15991.0,268.0,165.0,640.0,0.0,28448.0
198106.0,11384.0,15991.0,268.0,165.0,640.0,0.0,28448.0
198107.0,11384.0,15991.0,268.0,165.0,640.0,0.0,28448.0
198108.0,11384.0,15991.0,268.0,165.0,640.0,0.0,28448.0
198109.0,11384.0,15991.0,268.0,165.0,640.0,0.0,28448.0
198110.0,11384.0,15991.0,268.0,165.0,640.0,0.0,28448.0
198111.0,11384.0,15991.0,268.0,165.0,640.0,0.0,28448.0
198112.0,11384.0,15991.0,268.0,165.0,640.0,0.0,28448.0
198201.0,11384.0,15991.0,268.0,165.0,640.0,0.0,28448.0
198202.0,11384.0,15991.0,268.0,165.0,640.0,0.0,28448.0
198203.0,11384.0,15991.0,268.0,165.0,640.0,0.0,28448.0
198204.0,11384.0,15991.0,268.0,165.0,640.0,0.0,28448.0
198205.0,11384.0,15991.0,268.0,165.0,640.0,0.0,28448.0
198206.0,11384.0,15991.0,268.0,165.0,640.0,0.0,28448.0
198207.0,11384.0,15991.0,268.0,165.0,640.0,0.0,28448.0
198208.0,11384.0,15991.0,268.0,165.0,640.0,0.0,28448.0
198209.0,11384.0,15991.0,268.0,165.0,640.0,0.0,28448.0
198210.0,11384.0,15991.0,268.0,165.0,640.0,0.0,28448.0
198211.0,11384.0,15991.0,268.0,165.0,640.0,0.0,28448.0
198212.0,11384.0,15991.0,268.0,165.0,640.0,0.0,28448.0
198301.0,11384.0,15991.0,268.0,165.0,640.0,0.0,28448.0
198302.0,11384.0,15991.0,268.0,165.0,640.0,0.0,28448.0
198303.0,11384.0,15991.0,268.0,165.0,640.0,0.0,28448.0
198304.0,11384.0,15991.0,268.0,165.0,640.0,0.0,28448.0
198305.0,11384.0,15991.0,268.0,165.0,640.0,0.0,28448.0
198306.0,11384.0,15991.0,268.0,165.0,640.0,0.0,28448.0
198307.0,11384.0,15991.0,268.0,165.0,640.0,0.0,28448.0
198308.0,11384.0,15991.0,268.0,165.0,640.0,0.0,28448.0
198309.0,11384.0,15991.0,268.0,165.0,640.0,0.0,28448.0
198310.0,11384.0,15991.0,268.0,165.0,640.0,0.0,28448.0
198311.0,11384.0,15991.0,268.0,165.0,640.0,0.0,28448.0
198312.0,11384.0,15991.0,268.0,165.0,640.0,0.0,28448.0
198401.0,11384.0,15991.0,268.0,165.0,640.0,0.0,28448.0
198402.0,11384.0,15991.0,268.0,165.0,640.0,0.0,28448.0
198403.0,11384.0,15991.0,268.0,165.0,640.0,0.0,28448.0
198404.0,11384.0,15991.0,268.0,165.0,640.0,0.0,28448.0
198405.0,11384.0,15991.0,268.0,165.0,640.0,0.0,28448.0
198406.0,11384.0,15991.0,268.0,165.0,640.0,0.0,28448.0
198407.0,11384.0,15991.0,268.0,165.0,640.0,0.0,28448.0
198408.0,11384.0,15991.0,268.0,165.0,640.0,0.0,28448.0
198409.0,11384.0,15991.0,268.0,165.0,640.0,0.0,28448.0
198410.0,11384.0,15991.0,268.0,165.0,640.0,0.0,28448.0
198411.0,11384.0,15991.0,268.0,165.0,640.0,0.0,28448.0
198412.0,11384.0,15991.0,268.0,165.0,640.0,0.0,28448.0
198501.0,11384.0,15991.0,268.0,165.0,640.0,0.0,28448.0
198502.0,11384.0,15991.0,268.0,165.0,640.0,0.0,28448.0
198503.0,14460.0,26311.0,542.0,177.0,1095.0,0.0,42585.0
198504.0,14460.0,26311.0,542.0,177.0,1095.0,0.0,42585.0
198505.0,14460.0,26311.0,542.0,177.0,1095.0,0.0,42585.0
198506.0,14460.0,26311.0,542.0,177.0,1095.0,0.0,42585.0
198507.0,14460.0,26311.0,542.0,177.0,1095.0,0.0,42585.0
198508.0,14460.0,26311.0,542.0,177.0,1095.0,0.0,42585.0
198509.0,14460.0,26311.0,542.0,177.0,1095.0,0.0,42585.0
198510.0,14460.0,26311.0,542.0,177.0,1095.0,0.0,42585.0
198511.0,14460.0,26311.0,542.0,177.0,1095.0,0.0,42585.0
198512.0,14460.0,26311.0,542.0,177.0,1095.0,0.0,42585.0
198601.0,14460.0,26311.0,542.0,177.0,1095.0,0.0,42585.0
198602.0,14460.0,26311.0,542.0,177.0,1095.0,0.0,42585.0
198603.0,14460.0,26311.0,542.0,177.0,1095.0,0.0,42585.0
198604.0,14460.0,26311.0,542.0,177.0,1095.0,0.0,42585.0
198605.0,14460.0,26311.0,542.0,177.0,1095.0,0.0,42585.0
198606.0,14460.0,26311.0,542.0,177.0,1095.0,0.0,42585.0
198607.0,14460.0,26311.0,542.0,177.0,1095.0,0.0,42585.0
198608.0,14460.0,26311.0,542.0,177.0,1095.0,0.0,42585.0
198609.0,14460.0,26311.0,542.0,177.0,1095.0,0.0,42585.0
198610.0,14460.0,26311.0,542.0,177.0,1095.0,0.0,42585.0
198611.0,14460.0,26311.0,542.0,177.0,1095.0,0.0,42585.0
198612.0,14460.0,26311.0,542.0,177.0,1095.0,0.0,42585.0
198701.0,14460.0,26311.0,542.0,177.0,1095.0,0.0,42585.0
198702.0,14460.0,26311.0,542.0,177.0,1095.0,0.0,42585.0
198703.0,14460.0,26311.0,542.0,177.0,1095.0,0.0,42585.0
198704.0,14460.0,26311.0,542.0,177.0,1095.0,0.0,42585.0
198705.0,14460.0,26311.0,542.0,177.0,1095.0,0.0,42585.0
198706.0,14460.0,26311.0,542.0,177.0,1095.0,0.0,42585.0
198707.0,14460.0,26311.0,542.0,177.0,1095.0,0.0,42585.0
198708.0,14460.0,26311.0,542.0,177.0,1095.0,0.0,42585.0
198709.0,14460.0,26311.0,542.0,177.0,1095.0,0.0,42585.0
198710.0,14460.0,26311.0,542.0,177.0,1095.0,0.0,42585.0
198711.0,14460.0,26311.0,542.0,177.0,1095.0,0.0,42585.0
198712.0,14460.0,26311.0,542.0,177.0,1095.0,0.0,42585.0
198801.0,14460.0,26311.0,542.0,177.0,1095.0,0.0,42585.0
198802.0,14460.0,26311.0,542.0,177.0,1095.0,0.0,42585.0
198803.0,14460.0,26311.0,542.0,177.0,1095.0,0.0,42585.0
198804.0,14460.0,26311.0,542.0,177.0,1095.0,0.0,42585.0
198805.0,14460.0,26311.0,542.0,177.0,1095.0,0.0,42585.0
198806.0,14460.0,26311.0,542.0,177.0,1095.0,0.0,42585.0
198807.0,14460.0,26311.0,542.0,177.0,1095.0,0.0,42585.0
198808.0,14460.0,26311.0,542.0,177.0,1095.0,0.0,42585.0
198809.0,14460.0,26311.0,542.0,177.0,1095.0,0.0,42585.0
198810.0,14460.0,26311.0,542.0,177.0,1095.0,0.0,42585.0
198811.0,14460.0,26311.0,542.0,177.0,1095.0,0.0,42585.0
198812.0,14460.0,26311.0,542.0,177.0,1095.0,0.0,42585.0
198901.0,14460.0,26311.0,542.0,177.0,1095.0,0.0,42585.0
198902.0,14460.0,26311.0,542.0,177.0,1095.0,0.0,42585.0
198903.0,14460.0,26311.0,542.0,177.0,1095.0,0.0,42585.0
198904.0,14460.0,26311.0,542.0,177.0,1095.0,0.0,42585.0
198905.0,14460.0,26311.0,542.0,177.0,1095.0,0.0,42585.0
198906.0,14460.0,26311.0,542.0,177.0,1095.0,0.0,42585.0
198907.0,14460.0,26311.0,542.0,177.0,1095.0,0.0,42585.0
198908.0,14460.0,26311.0,542.0,177.0,1095.0,0.0,42585.0
198909.0,14460.0,26311.0,542.0,177.0,1095.0,0.0,42585.0
198910.0,14460.0,26311.0,542.0,177.0,1095.0,0.0,42585.0
198911.0,14460.0,26311.0,542.0,177.0,1095.0,0.0,42585.0
198912.0,14460.0,26311.0,542.0,177.0,1095.0,0.0,42585.0
199001.0,14460.0,26311.0,542.0,177.0,1095.0,0.0,42585.0
199002.0,14460.0,26311.0,542.0,177.0,1095.0,0.0,42585.0
199003.0,18307.0,41236.0,2343.0,165.0,1565.0,0.0,63616.0
199004.0,18307.0,41236.0,2343.0,165.0,1565.0,0.0,63616.0
199005.0,18307.0,41236.0,2343.0,165.0,1565.0,0.0,63616.0
199006.0,18307.0,41236.0,2343.0,165.0,1565.0,0.0,63616.0
199007.0,18307.0,41236.0,2343.0,165.0,1565.0,0.0,63616.0
199008.0,18307.0,41236.0,2343.0,165.0,1565.0,0.0,63616.0
199009.0,18307.0,41236.0,2343.0,165.0,1565.0,0.0,63616.0
199010.0,18307.0,41236.0,2343.0,165.0,1565.0,0.0,63616.0
199011.0,18307.0,41236.0,2343.0,165.0,1565.0,0.0,63616.0
199012.0,18307.0,41236.0,2343.0,165.0,1565.0,0.0,63616.0
199101.0,18307.0,41236.0,2343.0,165.0,1565.0,0.0,63616.0
199102.0,18307.0,41236.0,2343.0,165.0,1565.0,0.0,63616.0
199103.0,18307.0,41236.0,2343.0,165.0,1565.0,0.0,63616.0
199104.0,18307.0,41236.0,2343.0,165.0,1565.0,0.0,63616.0
199105.0,18307.0,41236.0,2343.0,165.0,1565.0,0.0,63616.0
199106.0,18307.0,41236.0,2343.0,165.0,1565.0,0.0,63616.0
199107.0,18307.0,41236.0,2343.0,165.0,1565.0,0.0,63616.0
199108.0,18307.0,41236.0,2343.0,165.0,1565.0,0.0,63616.0
199109.0,18307.0,41236.0,2343.0,165.0,1565.0,0.0,63616.0
199110.0,18307.0,41236.0,2343.0,165.0,1565.0,0.0,63616.0
199111.0,18307.0,41236.0,2343.0,165.0,1565.0,0.0,63616.0
199112.0,18307.0,41236.0,2343.0,165.0,1565.0,0.0,63616.0
199201.0,18307.0,41236.0,2343.0,165.0,1565.0,0.0,63616.0
199202.0,18307.0,41236.0,2343.0,165.0,1565.0,0.0,63616.0
199203.0,19194.0,44791.0,3095.0,168.0,1785.0,32.0,69065.0
199204.0,19194.0,44791.0,3095.0,168.0,1785.0,32.0,69065.0
199205.0,19194.0,44791.0,3095.0,168.0,1785.0,32.0,69065.0
199206.0,19194.0,44791.0,3095.0,168.0,1785.0,32.0,69065.0
199207.0,19194.0,44791.0,3095.0,168.0,1785.0,32.0,69065.0
199208.0,19194.0,44791.0,3095.0,168.0,1785.0,32.0,69065.0
199209.0,19194.0,44791.0,3095.0,168.0,1785.0,32.0,69065.0
199210.0,19194.0,44791.0,3095.0,168.0,1785.0,32.0,69065.0
199211.0,19194.0,44791.0,3095.0,168.0,1785.0,32.0,69065.0
199212.0,19194.0,44791.0,3095.0,168.0,1785.0,32.0,69065.0
199301.0,19194.0,44791.0,3095.0,168.0,1785.0,32.0,69065.0
199302.0,19194.0,44791.0,3095.0,168.0,1785.0,32.0,69065.0
199303.0,19194.0,44791.0,3095.0,168.0,1785.0,32.0,69065.0
199304.0,19194.0,44791.0,3095.0,168.0,1785.0,32.0,69065.0
199305.0,19194.0,44791.0,3095.0,168.0,1785.0,32.0,69065.0
199306.0,19194.0,44791.0,3095.0,168.0,1785.0,32.0,69065.0
199307.0,19194.0,44791.0,3095.0,168.0,1785.0,32.0,69065.0
199308.0,19194.0,44791.0,3095.0,168.0,1785.0,32.0,69065.0
199309.0,19194.0,44791.0,3095.0,168.0,1785.0,32.0,69065.0
199310.0,19194.0,44791.0,3095.0,168.0,1785.0,32.0,69065.0
199311.0,19194.0,44791.0,3095.0,168.0,1785.0,32.0,69065.0
199312.0,19194.0,44791.0,3095.0,168.0,1785.0,32.0,69065.0
199401.0,19194.0,44791.0,3095.0,168.0,1785.0,32.0,69065.0
199402.0,19194.0,44791.0,3095.0,168.0,1785.0,32.0,69065.0
199403.0,19194.0,44791.0,3095.0,168.0,1785.0,32.0,69065.0
199404.0,19194.0,44791.0,3095.0,168.0,1785.0,32.0,69065.0
199405.0,19194.0,44791.0,3095.0,168.0,1785.0,32.0,69065.0
199406.0,19194.0,44791.0,3095.0,168.0,1785.0,32.0,69065.0
199407.0,19194.0,44791.0,3095.0,168.0,1785.0,32.0,69065.0
199408.0,19194.0,44791.0,3095.0,168.0,1785.0,32.0,69065.0
199409.0,19194.0,44791.0,3095.0,168.0,1785.0,32.0,69065.0
199410.0,19194.0,44791.0,3095.0,168.0,1785.0,32.0,69065.0
199411.0,19194.0,44791.0,3095.0,168.0,1785.0,32.0,69065.0
199412.0,19194.0,44791.0,3095.0,168.0,1785.0,32.0,69065.0
199501.0,19194.0,44791.0,3095.0,168.0,1785.0,32.0,69065.0
199502.0,19194.0,44791.0,3095.0,168.0,1785.0,32.0,69065.0
199503.0,19194.0,44791.0,3095.0,168.0,1785.0,32.0,69065.0
199504.0,19194.0,44791.0,3095.0,168.0,1785.0,32.0,69065.0
199505.0,19194.0,44791.0,3095.0,168.0,1785.0,32.0,69065.0
199506.0,19194.0,44791.0,3095.0,168.0,1785.0,32.0,69065.0
199507.0,19194.0,44791.0,3095.0,168.0,1785.0,32.0,69065.0
199508.0,19194.0,44791.0,3095.0,168.0,1785.0,32.0,69065.0
199509.0,19194.0,44791.0,3095.0,168.0,1785.0,32.0,69065.0
199510.0,19194.0,44791.0,3095.0,168.0,1785.0,32.0,69065.0
199511.0,19194.0,44791.0,3095.0,168.0,1785.0,32.0,69065.0
199512.0,19194.0,44791.0,3095.0,168.0,1785.0,32.0,69065.0
199601.0,19194.0,44791.0,3095.0,168.0,1785.0,32.0,69065.0
199602.0,19194.0,44791.0,3095.0,168.0,1785.0,32.0,69065.0
199603.0,19194.0,44791.0,3095.0,168.0,1785.0,32.0,69065.0
199604.0,19194.0,44791.0,3095.0,168.0,1785.0,32.0,69065.0
199605.0,19194.0,44791.0,3095.0,168.0,1785.0,32.0,69065.0
199606.0,19194.0,44791.0,3095.0,168.0,1785.0,32.0,69065.0
199607.0,19194.0,44791.0,3095.0,168.0,1785.0,32.0,69065.0
199608.0,19194.0,44791.0,3095.0,168.0,1785.0,32.0,69065.0
199609.0,19194.0,44791.0,3095.0,168.0,1785.0,32.0,69065.0
199610.0,19194.0,44791.0,3095.0,168.0,1785.0,32.0,69065.0
199611.0,19194.0,44791.0,3095.0,168.0,1785.0,32.0,69065.0
199612.0,19194.0,44791.0,3095.0,168.0,1785.0,32.0,69065.0
199701.0,19194.0,44791.0,3095.0,168.0,1785.0,32.0,69065.0
199702.0,19194.0,44791.0,3095.0,168.0,1785.0,32.0,69065.0
199703.0,21658.0,54154.0,6562.0,294.0,2225.0,902.0,85795.0
199704.0,21658.0,54154.0,6562.0,294.0,2225.0,902.0,85795.0
199705.0,21658.0,54154.0,6562.0,294.0,2225.0,902.0,85795.0
199706.0,21658.0,54154.0,6562.0,294.0,2225.0,902.0,85795.0
199707.0,21658.0,54154.0,6562.0,294.0,2225.0,902.0,85795.0
199708.0,21658.0,54154.0,6562.0,294.0,2225.0,902.0,85795.0
199709.0,21658.0,54154.0,6562.0,294.0,2225.0,902.0,85795.0
199710.0,21658.0,54154.0,6562.0,294.0,2225.0,902.0,85795.0
199711.0,21658.0,54154.0,6562.0,294.0,2225.0,902.0,85795.0
199712.0,21658.0,54154.0,6562.0,294.0,2225.0,902.0,85795.0
199801.0,21658.0,54154.0,6562.0,294.0,2225.0,902.0,85795.0
199802.0,21658.0,54154.0,6562.0,294.0,2225.0,902.0,85795.0
199803.0,21658.0,54154.0,6562.0,294.0,2225.0,902.0,85795.0
199804.0,21658.0,54154.0,6562.0,294.0,2225.0,902.0,85795.0
199805.0,21658.0,54154.0,6562.0,294.0,2225.0,902.0,85795.0
199806.0,21658.0,54154.0,6562.0,294.0,2225.0,902.0,85795.0
199807.0,21658.0,54154.0,6562.0,294.0,2225.0,902.0,85795.0
199808.0,21658.0,54154.0,6562.0,294.0,2225.0,902.0,85795.0
199809.0,21658.0,54154.0,6562.0,294.0,2225.0,902.0,85795.0
199810.0,21658.0,54154.0,6562.0,294.0,2225.0,902.0,85795.0
199811.0,21658.0,54154.0,6562.0,294.0,2225.0,902.0,85795.0
199812.0,21658.0,54154.0,6562.0,294.0,2225.0,902.0,85795.0
199901.0,21658.0,54154.0,6562.0,294.0,2225.0,902.0,85795.0
199902.0,21658.0,54154.0,6562.0,294.0,2225.0,902.0,85795.0
199903.0,21658.0,54154.0,6562.0,294.0,2225.0,902.0,85795.0
199904.0,21658.0,54154.0,6562.0,294.0,2225.0,902.0,85795.0
199905.0,21658.0,54154.0,6562.0,294.0,2225.0,902.0,85795.0
199906.0,21658.0,54154.0,6562.0,294.0,2225.0,902.0,85795.0
199907.0,21658.0,54154.0,6562.0,294.0,2225.0,902.0,85795.0
199908.0,21658.0,54154.0,6562.0,294.0,2225.0,902.0,85795.0
199909.0,21658.0,54154.0,6562.0,294.0,2225.0,902.0,85795.0
199910.0,21658.0,54154.0,6562.0,294.0,2225.0,902.0,85795.0
199911.0,21658.0,54154.0,6562.0,294.0,2225.0,902.0,85795.0
199912.0,21658.0,54154.0,6562.0,294.0,2225.0,902.0,85795.0
200001.0,21658.0,54154.0,6562.0,294.0,2225.0,902.0,85795.0
200002.0,21658.0,54154.0,6562.0,294.0,2225.0,902.0,85795.0
200003.0,21658.0,54154.0,6562.0,294.0,2225.0,902.0,85795.0
200004.0,21658.0,54154.0,6562.0,294.0,2225.0,902.0,85795.0
200005.0,21658.0,54154.0,6562.0,294.0,2225.0,902.0,85795.0
200006.0,21658.0,54154.0,6562.0,294.0,2225.0,902.0,85795.0
200007.0,21658.0,54154.0,6562.0,294.0,2225.0,902.0,85795.0
200008.0,21658.0,54154.0,6562.0,294.0,2225.0,902.0,85795.0
200009.0,21658.0,54154.0,6562.0,294.0,2225.0,902.0,85795.0
200010.0,21658.0,54154.0,6562.0,294.0,2225.0,902.0,85795.0
200011.0,21658.0,54154.0,6562.0,294.0,2225.0,902.0,85795.0
200012.0,21658.0,54154.0,6562.0,294.0,2225.0,902.0,85795.0
200101.0,21658.0,54154.0,6562.0,294.0,2225.0,902.0,85795.0
200102.0,21658.0,54154.0,6562.0,294.0,2225.0,902.0,85795.0
200103.0,21658.0,54154.0,6562.0,294.0,2225.0,902.0,85795.0
200104.0,21658.0,54154.0,6562.0,294.0,2225.0,902.0,85795.0
200105.0,21658.0,54154.0,6562.0,294.0,2225.0,902.0,85795.0
200106.0,21658.0,54154.0,6562.0,294.0,2225.0,902.0,85795.0
200107.0,21658.0,54154.0,6562.0,294.0,2225.0,902.0,85795.0
200108.0,21658.0,54154.0,6562.0,294.0,2225.0,902.0,85795.0
200109.0,21658.0,54154.0,6562.0,294.0,2225.0,902.0,85795.0
200110.0,21658.0,54154.0,6562.0,294.0,2225.0,902.0,85795.0
200111.0,21658.0,54154.0,6562.0,294.0,2225.0,902.0,85795.0
200112.0,21658.0,54154.0,6562.0,294.0,2225.0,902.0,85795.0
200201.0,21658.0,54154.0,6562.0,294.0,2225.0,902.0,85795.0
200202.0,21658.0,54154.0,6562.0,294.0,2225.0,902.0,85795.0
200203.0,26269.0,62131.0,11163.0,1135.0,2720.0,1628.0,105046.0
200204.0,26269.0,62131.0,11163.0,1135.0,2720.0,1628.0,105046.0
200205.0,26269.0,62131.0,11163.0,1135.0,2720.0,1628.0,105046.0
200206.0,26269.0,62131.0,11163.0,1135.0,2720.0,1628.0,105046.0
200207.0,26269.0,62131.0,11163.0,1135.0,2720.0,1628.0,105046.0
200208.0,26269.0,62131.0,11163.0,1135.0,2720.0,1628.0,105046.0
200209.0,26269.0,62131.0,11163.0,1135.0,2720.0,1628.0,105046.0
200210.0,26269.0,62131.0,11163.0,1135.0,2720.0,1628.0,105046.0
200211.0,26269.0,62131.0,11163.0,1135.0,2720.0,1628.0,105046.0
200212.0,26269.0,62131.0,11163.0,1135.0,2720.0,1628.0,105046.0
200301.0,26269.0,62131.0,11163.0,1135.0,2720.0,1628.0,105046.0
200302.0,26269.0,62131.0,11163.0,1135.0,2720.0,1628.0,105046.0
200303.0,26269.0,62131.0,11163.0,1135.0,2720.0,1628.0,105046.0
200304.0,26269.0,62131.0,11163.0,1135.0,2720.0,1628.0,105046.0
200305.0,26269.0,62131.0,11163.0,1135.0,2720.0,1628.0,105046.0
200306.0,26269.0,62131.0,11163.0,1135.0,2720.0,1628.0,105046.0
200307.0,26269.0,62131.0,11163.0,1135.0,2720.0,1628.0,105046.0
200308.0,26269.0,62131.0,11163.0,1135.0,2720.0,1628.0,105046.0
200309.0,26269.0,62131.0,11163.0,1135.0,2720.0,1628.0,105046.0
200310.0,26269.0,62131.0,11163.0,1135.0,2720.0,1628.0,105046.0
200311.0,26269.0,62131.0,11163.0,1135.0,2720.0,1628.0,105046.0
200312.0,26269.0,62131.0,11163.0,1135.0,2720.0,1628.0,105046.0
200401.0,26269.0,62131.0,11163.0,1135.0,2720.0,1628.0,105046.0
200402.0,26269.0,62131.0,11163.0,1135.0,2720.0,1628.0,105046.0
200403.0,26269.0,62131.0,11163.0,1135.0,2720.0,1628.0,105046.0
200404.0,26269.0,62131.0,11163.0,1135.0,2720.0,1628.0,105046.0
200405.0,26269.0,62131.0,11163.0,1135.0,2720.0,1628.0,105046.0
200406.0,26269.0,62131.0,11163.0,1135.0,2720.0,1628.0,105046.0
200407.0,26269.0,62131.0,11163.0,1135.0,2720.0,1628.0,105046.0
200408.0,26269.0,62131.0,11163.0,1135.0,2720.0,1628.0,105046.0
200409.0,26269.0,62131.0,11163.0,1135.0,2720.0,1628.0,105046.0
200410.0,26269.0,62131.0,11163.0,1135.0,2720.0,1628.0,105046.0
200411.0,26269.0,62131.0,11163.0,1135.0,2720.0,1628.0,105046.0
200412.0,26269.0,62131.0,11163.0,1135.0,2720.0,1628.0,105046.0
200501.0,26269.0,62131.0,11163.0,1135.0,2720.0,1628.0,105046.0
200502.0,26269.0,62131.0,11163.0,1135.0,2720.0,1628.0,105046.0
200503.0,26269.0,62131.0,11163.0,1135.0,2720.0,1628.0,105046.0
200504.0,26269.0,62131.0,11163.0,1135.0,2720.0,1628.0,105046.0
200505.0,26269.0,62131.0,11163.0,1135.0,2720.0,1628.0,105046.0
200506.0,26269.0,62131.0,11163.0,1135.0,2720.0,1628.0,105046.0
200507.0,26269.0,62131.0,11163.0,1135.0,2720.0,1628.0,105046.0
200508.0,26269.0,62131.0,11163.0,1135.0,2720.0,1628.0,105046.0
200509.0,26269.0,62131.0,11163.0,1135.0,2720.0,1628.0,105046.0
200510.0,26269.0,62131.0,11163.0,1135.0,2720.0,1628.0,105046.0
200511.0,26269.0,62131.0,11163.0,1135.0,2720.0,1628.0,105046.0
200512.0,26269.0,62131.0,11163.0,1135.0,2720.0,1628.0,105046.0
200601.0,32135.05,68433.08,12662.61,1201.75,3310.0,6158.32,123900.81
200602.0,32135.05,68433.08,12662.61,1201.75,3310.0,6158.32,123900.81
200603.0,32325.77,68518.88,12689.91,1201.75,3360.0,6190.86,124287.17000000001
200604.0,32325.77,68518.88,12704.71,1201.75,3360.0,6190.86,124301.97000000002
200605.0,32325.77,68488.88,12704.71,1201.75,3360.0,6190.86,124271.97000000002
200606.0,32725.77,68488.88,13581.71,1201.75,3900.0,6190.86,126088.97000000002
200607.0,32975.77,68988.88,13581.71,1201.75,3900.0,6190.86,126838.96999999999
200608.0,33130.77,68988.88,13581.71,1201.75,3900.0,6190.86,126993.96999999999
200609.0,33349.77,69198.88,13581.71,1201.75,3900.0,6190.86,127422.96999999999
200610.0,33599.77,69198.88,13581.71,1201.75,3900.0,6190.86,127672.96999999999
200611.0,33599.77,69198.88,13581.71,1201.75,3900.0,6190.86,127672.96999999999
200612.0,33641.77,69236.38,13581.71,1201.75,3900.0,6190.86,127752.46999999999
200701.0,33941.77,69366.38,13581.71,1201.75,3900.0,6190.86,128182.46999999999
200702.0,34085.77,69621.38,13581.71,1201.75,3900.0,6190.86,128581.46999999999
200703.0,34653.77,71121.38,13691.71,1201.75,3900.0,7760.6,132329.21
200704.0,34653.77,70682.38,13691.71,1201.75,4120.0,7760.6,132110.21
200705.0,33485.76,71432.38,13691.71,1201.75,4120.0,10145.03,134076.63
200706.0,33485.76,71932.38,13801.71,1201.75,4120.0,10175.03,134716.63
200707.0,33775.76,71932.38,13801.71,1201.75,4120.0,10175.03,135006.63
200708.0,34130.76,71932.38,13841.71,1201.75,4120.0,10175.03,135401.63
200709.0,34260.76,72182.38,13841.71,1201.75,4120.0,10175.03,135781.63
200710.0,34390.76,72432.38,14581.71,1201.75,4120.0,10175.03,136901.63
200711.0,34680.76,73492.38,14581.71,1201.75,4120.0,10175.03,138251.63
200712.0,34680.76,74752.38,14691.71,1201.75,4120.0,10855.24,140301.84
200801.0,35208.76,75002.38,14691.71,1201.75,4120.0,10855.24,141079.84
200802.0,35378.76,75252.38,14691.71,1201.75,4120.0,10855.24,141499.84
200803.0,35908.76,76048.88,14656.21,1201.75,4120.0,11125.41,143061.01
200804.0,35908.76,76298.88,14656.21,1201.75,4120.0,11125.41,143311.01
200805.0,36033.76,76298.88,14716.01,1201.75,4120.0,12194.57,144564.97000000003
200806.0,36033.76,76648.88,14716.01,1199.75,4120.0,12194.57,144912.97000000003
200807.0,36158.76,77198.88,14716.01,1199.75,4120.0,12194.57,145587.97000000003
200808.0,36197.76,77198.88,14716.01,1199.75,4120.0,12194.57,145626.97000000003
200809.0,36347.76,76988.88,14704.01,1199.75,4120.0,12194.57,145554.97000000003
200810.0,36497.76,76988.88,14704.01,1199.75,4120.0,13242.41,146752.81000000003
200811.0,36647.76,76988.88,14704.01,1199.75,4120.0,13242.41,146902.81000000003
200812.0,36647.76,77458.88,14734.01,1199.75,4120.0,13242.41,147402.81000000003
200901.0,36762.76,77398.88,14734.01,1199.75,4120.0,13242.41,147457.81000000003
200902.0,36877.76,77398.88,14876.71,1199.75,4120.0,13242.41,147715.51
200903.0,36877.76,77648.88,14876.61,1199.75,4120.0,13242.41,147965.41
200904.0,36877.76,77948.88,14876.61,1199.75,4120.0,13242.41,148265.41
200905.0,36877.76,77948.88,16003.11,1199.75,4120.0,13242.41,149391.91
200906.0,36916.76,78458.88,16385.61,1199.75,4120.0,13242.41,150323.41
200907.0,36916.76,79208.88,16385.61,1199.75,4120.0,13242.41,151073.41
200908.0,36916.76,80283.88,16385.61,1199.75,4120.0,13242.41,152148.41
200909.0,36885.4,80395.88,16448.85,1199.75,4120.0,13310.21,152360.09
200910.0,36885.4,81355.88,16822.85,1199.75,4120.0,13310.21,153694.09
200911.0,36885.4,81605.88,16822.85,1199.75,4120.0,15225.35,155859.23
200912.0,36885.4,81605.88,17055.85,1199.75,4120.0,15225.35,156092.23
201001.0,36885.4,82095.88,17055.85,1199.75,4120.0,15427.1,156783.98
201002.0,36863.4,82343.38,17055.85,1199.75,4340.0,15427.1,157229.48
201003.0,36863.4,84198.38,17055.85,1199.75,4560.0,15521.11,159398.49
201004.0,36863.4,84448.38,17055.85,1199.75,4560.0,15521.11,159648.49
201005.0,36913.4,85193.38,17055.85,1199.75,4560.0,16429.42,161351.8
201006.0,36953.4,86003.38,17220.85,1199.75,4560.0,16429.42,162366.8
201007.0,37033.4,87093.38,17353.85,1199.75,4560.0,16429.42,163669.8
201008.0,37086.4,87858.38,17374.85,1199.75,4560.0,16429.42,164508.8
201009.0,37328.4,87943.38,17374.85,1199.75,4560.0,16429.42,164835.8
201010.0,37328.4,89778.38,17624.85,1199.75,4560.0,16786.98,167278.36000000002
201011.0,37367.4,89778.38,17384.85,1199.75,4560.0,16786.98,167077.36000000002
201012.0,37367.4,92378.38,17456.35,1199.75,4560.0,16786.98,169748.86000000002
201101.0,37367.4,92638.38,17456.35,1199.75,4780.0,16786.98,170228.86000000002
201102.0,37367.4,92418.38,17706.35,1199.75,4780.0,18454.52,171926.4
201103.0,37567.4,93918.38,17706.35,1199.75,4780.0,18454.52,173626.4
201104.0,37567.4,94653.38,17706.35,1199.75,4780.0,18454.52,174361.4
201105.0,37817.4,94953.38,17706.35,1199.75,4780.0,18454.52,174911.4
201106.0,38106.4,96743.38,17706.35,1199.75,4780.0,18454.52,176990.4
201107.0,38106.4,98403.38,17706.35,1199.75,4780.0,20162.24,180358.12
201108.0,38206.4,99503.38,17706.35,1199.75,4780.0,20162.24,181558.12
201109.0,38706.4,99753.38,17742.85,1199.75,4780.0,20162.24,182344.62
201110.0,38706.4,100098.38,17742.85,1199.75,4780.0,20162.24,182689.62
201111.0,38748.4,102863.38,17742.85,1199.75,4780.0,20162.24,185496.62
201112.0,38748.4,104021.38,17742.85,1199.75,4780.0,20162.24,186654.62
201201.0,38848.4,104816.38,17742.85,1199.75,4780.0,20162.24,187549.62
201202.0,38848.4,105437.38,18093.85,1199.75,4780.0,22233.17,190592.55
201203.0,38990.4,112022.38,18381.05,1199.75,4780.0,24503.44,199877.02
201204.0,38990.4,113782.38,18381.05,1199.75,4780.0,24503.45,201637.03
201205.0,39060.4,114782.38,18653.05,1199.75,4780.0,24503.45,202979.03
201206.0,39291.4,116333.38,18903.05,1199.75,4780.0,24832.68,205340.25999999998
201207.0,39291.4,117283.38,18903.05,1199.75,4780.0,24998.46,206456.03999999998
201208.0,39291.4,117833.38,18903.05,1199.75,4780.0,24998.46,207006.03999999998
201209.0,39291.4,118703.38,18903.05,1199.75,4780.0,24998.46,207876.03999999998
201210.0,39291.4,120103.38,18903.05,1199.75,4780.0,24998.46,209276.03999999998
201211.0,39324.4,120873.38,18903.05,1199.75,4780.0,25856.14,210936.71999999997
201212.0,39339.4,120873.38,18903.05,1199.75,4780.0,25856.14,210951.71999999997
201301.0,39416.4,121610.88,18903.05,1199.75,4780.0,25856.14,211766.21999999997
201302.0,39449.4,123695.88,19648.85,1199.75,4780.0,25856.14,214630.02000000002
201303.0,39491.4,130220.89,20109.85,1199.75,4780.0,27541.71,223343.6
201304.0,39623.4,130370.89,20109.85,1199.75,4780.0,27541.71,223625.6
201305.0,39623.4,131628.39,20359.85,1199.75,4780.0,27541.71,225133.1
201306.0,39623.4,132288.39,20359.85,1199.75,4780.0,27541.71,225793.1
201307.0,39623.4,132288.39,20359.85,1199.75,4780.0,27541.71,225793.1
201308.0,39623.4,133188.39,20380.85,1199.75,4780.0,28184.35,227356.74000000002
201309.0,39788.4,134388.39,20380.85,1199.75,4780.0,28184.35,228721.74000000002
201310.0,39818.4,134888.39,20380.85,1199.75,4780.0,28184.35,229251.74000000002
201311.0,39893.4,136448.39,20380.85,1199.75,4780.0,29462.55,232164.94
201312.0,39893.4,138213.39,20380.85,1199.75,4780.0,29462.55,233929.94
201401.0,39875.4,138903.39,20380.85,1199.75,4780.0,29462.55,234601.94
201402.0,40195.4,140723.39,21381.85,1199.75,4780.0,29462.55,237742.94
201403.0,40531.41,145273.39,21781.85,1199.75,4780.0,31692.14,245258.54000000004
201404.0,40531.41,145408.39,21781.85,1199.75,4780.0,31692.14,245393.54000000004
201405.0,40661.41,147568.39,22607.95,1199.75,4780.0,31692.14,248509.64
201406.0,40730.09,148478.39,22607.95,1199.75,4780.0,31692.14,249488.32
201407.0,40798.76,149178.39,22607.95,1199.75,4780.0,31692.14,250256.99000000005
201408.0,40798.76,152310.89,22607.95,1199.75,4780.0,31692.14,253389.49000000005
201409.0,40798.76,152970.89,22607.95,1199.75,4780.0,31692.14,254049.49000000005
201410.0,40798.76,153570.89,22607.95,1199.75,4780.0,31692.14,254649.49000000005
201411.0,40798.76,153570.89,22971.25,1199.75,4780.0,31692.14,255012.79000000004
201412.0,40867.43,154170.89,22971.25,1199.75,4780.0,31692.14,255681.46000000002
201501.0,40867.43,156190.89,22971.25,1199.75,5780.0,31692.14,258701.46000000002
201502.0,40867.43,158495.89,22971.25,1199.75,5780.0,31692.14,261006.46000000002
201503.0,41267.43,164635.88,23062.15,1199.75,5780.0,35776.96,271722.17
201504.0,41632.43,165235.88,23062.15,1199.75,5780.0,35776.96,272687.17
201505.0,41632.43,165257.88,23062.15,993.53,5780.0,35776.96,272502.95
201506.0,41997.42,167207.88,23062.15,993.53,5780.0,36470.64,275511.62
201507.0,41997.42,167707.88,22962.15,993.53,5780.0,36470.64,275911.62
201508.0,41997.42,168207.88,23333.15,993.53,5780.0,35776.96,276088.94
201509.0,42283.42,169117.88,24088.15,993.53,5780.0,36470.64,278733.62
201510.0,42473.42,170137.88,24473.03,993.53,5780.0,36470.64,280328.5
201511.0,42623.42,170137.88,24473.03,993.53,5780.0,37415.53,281423.39
201512.0,42623.42,173017.88,24473.03,993.53,5780.0,38821.51,285709.37
201601.0,42663.42,175237.88,24508.63,993.53,5780.0,38821.51,288004.97
201602.0,42703.42,175857.88,24508.63,993.53,5780.0,38821.51,288664.97
201603.0,42783.42,185172.88,24508.63,993.53,5780.0,42849.38,302087.83999999997
201604.0,42783.42,185992.88,24508.63,918.89,5780.0,42849.38,302833.2
201605.0,42783.43,186242.88,24508.63,918.89,5780.0,42849.38,303083.21
201606.0,42848.43,186212.88,24508.63,918.89,5780.0,44236.92,304505.75
201607.0,42888.43,186292.88,24643.63,918.89,5780.0,44236.92,304760.75
201608.0,42968.43,186592.88,25057.13,918.89,5780.0,44236.92,305554.25
201609.0,43112.43,187252.88,25057.13,918.89,5780.0,45916.95,308038.28
201610.0,43112.43,186492.88,25057.13,918.89,5780.0,45916.95,307278.28
201611.0,43133.43,187802.88,25282.13,918.89,5780.0,45916.95,308834.28
201612.0,43139.43,188967.88,25282.13,918.89,5780.0,50018.0,314106.33
201701.0,44189.43,188487.88,25329.38,837.63,5780.0,50018.0,314642.32
201702.0,44413.43,189047.88,25329.38,837.63,5780.0,50018.0,315426.32
201703.0,44478.42,192162.88,25329.38,837.63,6780.0,57244.23,326832.54
201704.0,44594.42,194402.88,25329.38,837.63,6780.0,57260.23,329204.54
201705.0,44594.42,195602.88,25185.38,837.63,6780.0,57260.23,330260.54
201706.0,44614.42,194552.88,25185.38,837.63,6780.0,58303.35,330273.66
201707.0,44614.42,194432.88,25185.38,837.63,6780.0,58303.35,330153.66
201708.0,44653.42,193466.5,25185.38,837.63,6780.0,58303.35,329226.27999999997
201709.0,44765.42,193426.5,25185.38,837.63,6780.0,60157.66,331152.58999999997
201710.0,44765.42,193426.5,25150.38,837.63,6780.0,60157.66,331117.58999999997
201711.0,44963.42,192971.5,25150.38,837.63,6780.0,60157.66,330860.58999999997
201712.0,44963.42,192971.5,25150.38,837.63,6780.0,62846.9,333549.83
201801.0,44963.42,193821.5,25150.38,837.63,6780.0,62846.9,334399.83
201802.0,44963.42,193821.5,24897.46,837.63,6780.0,62846.9,334146.91000000003
201803.0,45293.42,197171.5,24897.46,837.63,6780.0,69022.39,344002.4
201804.0,45293.42,196957.5,24897.46,837.629,6780.0,69022.39,343788.39900000003
201805.0,45403.42,196957.5,24897.46,837.63,6780.0,69022.39,343898.4
201806.0,45403.42,196957.5,24897.46,837.63,6780.0,70648.61,345524.62
201807.0,45457.42,196097.5,24867.46,837.63,6780.0,70648.61,344688.62
201808.0,45457.42,196097.5,24867.46,837.63,6780.0,70648.61,344688.62
201809.0,45487.42,196097.5,24867.46,837.63,6780.0,72012.81,346082.82
201810.0,45487.42,195992.5,24937.22,837.63,6780.0,73350.0,347384.77
201811.0,45399.22,196652.5,24937.22,837.63,6780.0,72012.81,346619.38
201812.0,45399.22,197452.5,24937.22,637.63,6780.0,74081.66,349288.23
201901.0,45399.22,197452.5,24937.22,637.63,6780.0,75055.92,350262.49
201902.0,45399.22,197352.5,24937.22,637.63,6780.0,75055.92,350162.49
201903.0,45399.22,200704.5,24937.22,637.63,6780.0,78316.435,356775.005
201904.0,45399.22,200704.5,24937.22,637.63,6780.0,79033.85,357492.42000000004
201905.0,45399.22,200704.5,24937.22,637.63,6780.0,80046.73,358505.3
201906.0,45399.22,200749.5,24937.22,637.63,6780.0,80467.192,358970.762
201907.0,45399.22,202069.5,24937.22,637.63,6780.0,81307.612,361131.18200000003
201908.0,45399.22,202529.5,24937.22,509.71,6780.0,82014.187,362169.83700000006
201909.0,45399.22,203154.5,24937.22,509.71,6780.0,82588.95,363369.60000000003
201910.0,45399.22,203954.5,24937.22,509.71,6780.0,83379.497,364960.147
201911.0,45399.22,203954.5,24937.22,509.71,6780.0,84399.9,365980.55000000005
201912.0,45399.22,205254.5,24937.22,509.71,6780.0,85908.407,368789.05700000003
202001.0,45399.22,204724.5,24955.36,509.71,6780.0,86321.027,368689.81700000004
202002.0,45699.22,204724.5,24955.36,509.71,6780.0,86759.185,369427.97500000003
202003.0,45699.22,205344.5,24955.36,509.71,6780.0,87027.675,370316.465
202004.0,45699.22,205134.5,24955.36,509.71,6780.0,87268.74,370347.53
202005.0,45699.22,205134.5,24991.51,509.71,6780.0,87384.015,370498.955
202006.0,45699.22,205404.5,24991.51,509.71,6780.0,87669.185,371054.125
202007.0,45699.22,205954.5,24991.51,509.71,6780.0,88041.91,371976.85
202008.0,45699.22,205954.5,24956.51,509.71,6780.0,88793.425,372693.365
202009.0,45699.22,205854.5,24956.51,509.71,6780.0,89229.415,373029.355
202010.0,45699.22,205854.5,24956.51,509.71,6780.0,89635.645,373435.585
202011.0,45699.22,205854.5,24956.51,509.71,6780.0,90399.105,374199.045
202012.0,45798.22,206124.5,24956.51,509.71,6780.0,91153.805,375322.745
202101.0,46059.22,206404.5,24956.51,509.71,6780.0,92550.735,377260.675
202102.0,46209.22,207704.5,24956.51,509.71,6780.0,92970.475,379130.41500000004
202103.0,46209.22,209294.5,24924.01,509.71,6780.0,94433.785,382151.225
202104.0,46209.22,209294.5,24924.01,509.71,6780.0,95012.59,382730.03
202105.0,46209.22,209294.5,24924.01,509.71,6780.0,95656.245,383373.685
202106.0,46322.22,208624.5,24924.01,509.71,6780.0,96955.51,384115.95
202107.0,46367.22,209424.5,24924.01,509.71,6780.0,98882.715,386888.155
202108.0,46412.22,208824.5,24924.01,509.71,6780.0,100683.315,388133.755
202109.0,46512.22,208614.5,24899.51,509.71,6780.0,101532.845,388848.78500000003
202110.0,46512.22,209034.5,24899.51,509.71,6780.0,103055.245,390791.185
202111.0,46512.22,209284.5,24899.51,509.71,6780.0,104031.305,392017.245
202112.0,46512.22,209809.5,24899.51,509.71,6780.0,104878.53,393389.47
202201.0,46512.22,210519.5,24899.51,509.71,6780.0,105854.125,395075.065
202202.0,46524.52,210519.5,24899.51,509.71,6780.0,106374.625,395607.865
202203.0,46722.52,210699.5,24899.51,509.71,6780.0,109885.375,399496.615
202204.0,46722.52,210699.5,24899.51,509.71,6780.0,111398.995,401010.235
202205.0,46722.52,210699.5,24879.21,509.71,6780.0,113226.465,402817.405
202206.0,46850.17,210699.5,24856.21,509.71,6780.0,114064.01,403759.60000000003
202207.0,46850.17,210699.5,24856.21,509.71,6780.0,114437.39,404132.98000000004
202208.0,46850.17,210699.5,24856.21,509.71,6780.0,116077.64,405773.23000000004
202209.0,46850.17,210699.5,24824.21,562.37,6780.0,118080.35,407796.6
202210.0,46850.17,210605.5,24824.21,562.37,6780.0,119092.59,408714.83999999997
202211.0,46850.17,210605.5,24824.21,589.2,6780.0,119512.17,409161.25
202212.0,46850.17,210395.5,24824.21,589.2,6780.0,120848.29,410287.37
202301.0,46850.17,211055.5,24824.21,589.2,6780.0,121549.54,411648.62
202302.0,46850.17,211055.5,24824.21,589.2,6780.0,122113.08,412212.16000000003
202303.0,46850.17,211855.5,24824.21,589.2,6780.0,125159.83,416058.91000000003
