Year,Population
1960.0,42.2196363575727
1960.0833333333333,42.319406665517185
1960.1666666666667,42.4193493563885
1960.25,42.51946442856892
1960.3333333333333,42.61975187888839
1960.4166666666667,42.720211702619245
1960.5,42.820843893470915
1960.5833333333333,42.92164844358461
1960.6666666666667,43.022625343528084
1960.75,43.12377458229041
1960.8333333333333,43.225096147276695
1960.9166666666667,43.32659002430291
1961.0,43.42825619759067
1961.0833333333333,43.53009464976203
1961.1666666666667,43.632105361834334
1961.25,43.734288313215096
1961.3333333333333,43.836643481696804
1961.4166666666667,43.93917084345185
1961.5,44.04187037302737
1961.5833333333333,44.14474204334025
1961.6666666666667,44.24778582567199
1961.75,44.351001689663676
1961.8333333333333,44.45438960331096
1961.9166666666667,44.55794953295904
1962.0,44.66168144329768
1962.0833333333333,44.76558529735623
1962.1666666666667,44.869661056498664
1962.25,44.97390868041868
1962.3333333333333,45.07832812713474
1962.4166666666667,45.18291935298521
1962.5,45.28768231262348
1962.5833333333333,45.39261695901312
1962.6666666666667,45.49772324342303
1962.75,45.60300111542266
1962.8333333333333,45.70845052287715
1962.9166666666667,45.81407141194267
1963.0,45.919863727061596
1963.0833333333333,46.02582741095784
1963.1666666666667,46.131962404632056
1963.25,46.2382686473571
1963.3333333333333,46.34474607667326
1963.4166666666667,46.45139462838369
1963.5,46.55821423654976
1963.5833333333333,46.66520483348649
1963.6666666666667,46.77236634975804
1963.75,46.87969871417307
1963.8333333333333,46.98720185378029
1963.9166666666667,47.094875693864
1964.0,47.202720157939574
1964.0833333333333,47.310735167749044
1964.1666666666667,47.418920643256705
1964.25,47.52727650264469
1964.3333333333333,47.63580266230866
1964.4166666666667,47.744499036853455
1964.5,47.85336553908875
1964.5833333333333,47.96240208002482
1964.6666666666667,48.07160856886829
1964.75,48.18098491301789
1964.8333333333333,48.29053101806023
1964.9166666666667,48.40024678776572
1965.0,48.51013212408431
1965.0833333333333,48.620186927141496
1965.1666666666667,48.730411095234146
1965.25,48.84080452482649
1965.3333333333333,48.95136711054609
1965.4166666666667,49.06209874517981
1965.5,49.172999319669906
1965.5833333333333,49.28406872311004
1965.6666666666667,49.39530684274141
1965.75,49.506713563948836
1965.8333333333333,49.618288770256946
1965.9166666666667,49.73003234332636
1966.0,49.84194416294987
1966.0833333333333,49.954024107048745
1966.1666666666667,50.06627205166899
1966.25,50.17868787097761
1966.3333333333333,50.291271437259034
1966.4166666666667,50.40402262091144
1966.5,50.51694129044317
1966.5833333333333,50.630027312469224
1966.6666666666667,50.74328055170765
1966.75,50.85670087097611
1966.8333333333333,50.97028813118845
1966.9166666666667,51.084042191351195
1967.0,51.19796290856023
1967.0833333333333,51.312050137997424
1967.1666666666667,51.42630373292733
1967.25,51.54072354469386
1967.3333333333333,51.65530942271708
1967.4166666666667,51.77006121448999
1967.5,51.88497876557533
1967.5833333333333,52.00006191960245
1967.6666666666667,52.11531051826422
1967.75,52.23072440131394
1967.8333333333333,52.346303406562335
1967.9166666666667,52.46204736987454
1968.0,52.57795612516718
1968.0833333333333,52.69402950440539
1968.1666666666667,52.81026733759999
1968.25,52.92666945280465
1968.3333333333333,53.043235676113056
1968.4166666666667,53.15996583165612
1968.5,53.27685974159935
1968.5833333333333,53.39391722614007
1968.6666666666667,53.5111381035048
1968.75,53.62852218994669
1968.8333333333333,53.746069299742906
1968.9166666666667,53.86377924519212
1969.0,53.98165183661201
1969.0833333333333,54.09968688233685
1969.1666666666667,54.217884188715054
1969.25,54.33624356010689
1969.3333333333333,54.45476479888205
1969.4166666666667,54.57344770541747
1969.5,54.69229207809505
1969.5833333333333,54.81129771329943
1969.6666666666667,54.930464405415876
1969.75,55.04979194682817
1969.8333333333333,55.16928012791651
1969.9166666666667,55.28892873705549
1970.0,55.408737560612174
1970.0833333333333,55.528706382944065
1970.1666666666667,55.64883498639727
1970.25,55.76912315130464
1970.3333333333333,55.88957065598397
1970.4166666666667,56.01017727673618
1970.5,56.13094278784371
1970.5833333333333,56.251866961568695
1970.6666666666667,56.37294956815148
1970.75,56.49419037580897
1970.8333333333333,56.61558915073308
1970.9166666666667,56.737145657089236
1971.0,56.85885965701505
1971.0833333333333,56.980730910618725
1971.1666666666667,57.10275917597784
1971.25,57.22494420913803
1971.3333333333333,57.347285764111696
1971.4166666666667,57.469783592876766
1971.5,57.5924374453756
1971.5833333333333,57.71524706951384
1971.6666666666667,57.83821221115929
1971.75,57.961332614141014
1971.8333333333333,58.08460802024821
1971.9166666666667,58.208038169229425
1972.0,58.33162279879159
1972.0833333333333,58.4553616445992
1972.1666666666667,58.579254440273594
1972.25,58.703300917392156
1972.3333333333333,58.82750080548767
1972.4166666666667,58.95185383204765
1972.5,59.07635972251382
1972.5833333333333,59.20101820028156
1972.6666666666667,59.32582898669937
1972.75,59.45079180106851
1972.8333333333333,59.5759063606426
1972.9166666666667,59.70117238062724
1973.0,59.82658957417982
1973.0833333333333,59.95215765240921
1973.1666666666667,60.07787632437561
1973.25,60.20374529709045
1973.3333333333333,60.32976427551628
1973.4166666666667,60.45593296256675
1973.5,60.58225105910671
1973.5833333333333,60.70871826395214
1973.6666666666667,60.83533427387042
1973.75,60.96209878358052
1973.8333333333333,61.089011485753105
1973.9166666666667,61.216072071010935
1974.0,61.343280227929235
1974.0833333333333,61.47063564303598
1974.1666666666667,61.59813800081242
1974.25,61.72578698369361
1974.3333333333333,61.85358227206889
1974.4166666666667,61.98152354428253
1974.5,62.10961047663446
1974.5833333333333,62.23784274338083
1974.6666666666667,62.36622001673497
1974.75,62.4947419668681
1974.8333333333333,62.62340826191023
1974.9166666666667,62.75221856795112
1975.0,62.88117254904125
1975.0833333333333,63.01026986719291
1975.1666666666667,63.1395101823812
1975.25,63.2688931525453
1975.3333333333333,63.39841843358965
1975.4166666666667,63.52808567938514
1975.5,63.657894541770574
1975.5833333333333,63.78784467055389
1975.6666666666667,63.917935713513714
1975.75,64.0481673164008
1975.8333333333333,64.17853912293958
1975.9166666666667,64.30905077482976
1976.0,64.43970191174799
1976.0833333333333,64.5704921713496
1976.1666666666667,64.70142118927033
1976.25,64.83248859912813
1976.3333333333333,64.96369403252515
1976.4166666666667,65.09503711904958
1976.5,65.2265174862777
1976.5833333333333,65.35813475977591
1976.6666666666667,65.4898885631029
1976.75,65.62177851781166
1976.8333333333333,65.7538042434519
1976.9166666666667,65.88596535757225
1977.0,66.01826147572257
1977.0833333333333,66.15069221145639
1977.1666666666667,66.28325717633335
1977.25,66.41595597992169
1977.3333333333333,66.54878822980092
1977.4166666666667,66.68175353156431
1977.5,66.81485148882166
1977.5833333333333,66.94808170320205
1977.6666666666667,67.08144377435657
1977.75,67.21493729996129
1977.8333333333333,67.34856187572005
1977.9166666666667,67.4823170953676
1978.0,67.61620255067245
1978.0833333333333,67.75021783144011
1978.1666666666667,67.88436252551614
1978.25,68.01863621878945
1978.3333333333333,68.15303849519552
1978.4166666666667,68.2875689367197
1978.5,68.42222712340062
1978.5833333333333,68.55701263333368
1978.6666666666667,68.6919250426745
1978.75,68.82696392564249
1978.8333333333333,68.96212885452441
1978.9166666666667,69.09741939967822
1979.0,69.23283512953661
1979.0833333333333,69.36837561061098
1979.1666666666667,69.5040404074951
1979.25,69.63982908286921
1979.3333333333333,69.77574119750386
1979.4166666666667,69.91177631026403
1979.5,70.04793397811315
1979.5833333333333,70.18421375611726
1979.6666666666667,70.32061519744927
1979.75,70.45713785339315
1979.8333333333333,70.59378127334831
1979.9166666666667,70.73054500483397
1980.0,70.86742859349353
1980.0833333333333,71.0044315830992
1980.1666666666667,71.14155351555645
1980.25,71.27879393090866
1980.3333333333333,71.41615236734184
1980.4166666666667,71.5536283611893
1980.5,71.6912214469364
1980.5833333333333,71.8289311572256
1980.6666666666667,71.96675702286112
1980.75,72.10469857281407
1980.8333333333333,72.2427553342274
1980.9166666666667,72.38092683242105
1981.0,72.51921259089703
1981.0833333333333,72.65761213134464
1981.1666666666667,72.79612497364575
1981.25,72.93475063588006
1981.3333333333333,73.07348863433057
1981.4166666666667,73.21233848348892
1981.5,73.35129969606092
1981.5833333333333,73.49037178297209
1981.6666666666667,73.62955425337331
1981.75,73.7688466146464
1981.8333333333333,73.9082483724099
1981.9166666666667,74.04775903052486
1982.0,74.1873780911006
1982.0833333333333,74.32710505450072
1982.1666666666667,74.46693941934892
1982.25,74.60688068253513
1982.3333333333333,74.7469283392215
1982.4166666666667,74.88708188284852
1982.5,75.02734080514125
1982.5833333333333,75.16770459611553
1982.6666666666667,75.30817274408422
1982.75,75.44874473566365
1982.8333333333333,75.58942005577995
1982.9166666666667,75.73019818767554
1983.0,75.87107861291564
1983.0833333333333,76.01206081139483
1983.1666666666667,76.15314426134371
1983.25,76.29432843933556
1983.3333333333333,76.4356128202931
1983.4166666666667,76.57699687749528
1983.5,76.71848008258411
1983.5833333333333,76.8600619055716
1983.6666666666667,77.00174181484671
1983.75,77.14351927718236
1983.8333333333333,77.28539375774248
1983.9166666666667,77.42736472008923
1984.0,77.56943162619004
1984.0833333333333,77.71159393642495
1984.1666666666667,77.85385110959386
1984.25,77.9962026029239
1984.3333333333333,78.1386478720768
1984.4166666666667,78.28118637115631
1984.5,78.4238175527158
1984.5833333333333,78.56654086776571
1984.6666666666667,78.70935576578127
1984.75,78.85226169471
1984.8333333333333,78.99525810097964
1984.9166666666667,79.13834442950572
1985.0,79.28152012369952
1985.0833333333333,79.42478462547588
1985.1666666666667,79.5681373752611
1985.25,79.71157781200097
1985.3333333333333,79.8551053731688
1985.4166666666667,79.99871949477345
1985.5,80.14241961136747
1985.5833333333333,80.28620515605533
1985.6666666666667,80.43007556050163
1985.75,80.57403025493932
1985.8333333333333,80.71806866817809
1985.9166666666667,80.8621902276128
1986.0,81.00639435923179
1986.0833333333333,81.15068048762546
1986.1666666666667,81.29504803599478
1986.25,81.43949642615978
1986.3333333333333,81.58402507856835
1986.4166666666667,81.72863341230477
1986.5,81.8733208450985
1986.5833333333333,82.01808679333294
1986.6666666666667,82.16293067205422
1986.75,82.30785189498013
1986.8333333333333,82.45284987450896
1986.9166666666667,82.59792402172857
1987.0,82.74307374642531
1987.0833333333333,82.88829845709303
1987.1666666666667,83.03359756094237
1987.25,83.17897046390966
1987.3333333333333,83.32441657066632
1987.4166666666667,83.46993528462804
1987.5,83.61552600796396
1987.5833333333333,83.76118814160614
1987.6666666666667,83.90692108525883
1987.75,84.052724237408
1987.8333333333333,84.19859699533063
1987.9166666666667,84.34453875510444
1988.0,84.49054891161717
1988.0833333333333,84.63662685857642
1988.1666666666667,84.78277198851913
1988.25,84.92898369282133
1988.3333333333333,85.07526136170779
1988.4166666666667,85.22160438426182
1988.5,85.36801214843511
1988.5833333333333,85.51448404105753
1988.6666666666667,85.66101944784694
1988.75,85.80761775341928
1988.8333333333333,85.95427834129835
1988.9166666666667,86.10100059392602
1989.0,86.24778389267203
1989.0833333333333,86.3946276178443
1989.1666666666667,86.5415311486989
1989.25,86.6884938634502
1989.3333333333333,86.8355151392813
1989.4166666666667,86.9825943523539
1989.5,87.12973087781889
1989.5833333333333,87.27692408982647
1989.6666666666667,87.42417336153657
1989.75,87.57147806512924
1989.8333333333333,87.71883757181509
1989.9166666666667,87.86625125184558
1990.0,88.01371847452378
1990.0833333333333,88.16123860821469
1990.1666666666667,88.30881102035583
1990.25,88.45643507746793
1990.3333333333333,88.60411014516545
1990.4166666666667,88.75183558816731
1990.5,88.89961077030755
1990.5833333333333,89.04743505454609
1990.6666666666667,89.1953078029794
1990.75,89.34322837685146
1990.8333333333333,89.49119613656437
1990.9166666666667,89.63921044168947
1991.0,89.78727065097792
1991.0833333333333,89.93537612237184
1991.1666666666667,90.0835262130152
1991.25,90.23172027926475
1991.3333333333333,90.37995767670111
1991.4166666666667,90.52823776013966
1991.5,90.67655988364183
1991.5833333333333,90.8249234005259
1991.6666666666667,90.97332766337843
1991.75,91.12177202406514
1991.8333333333333,91.27025583374225
1991.9166666666667,91.41877844286765
1992.0,91.56733920121201
1992.0833333333333,91.71593745787023
1992.1666666666667,91.86457256127252
1992.25,92.01324385919588
1992.3333333333333,92.16195069877527
1992.4166666666667,92.31069242651506
1992.5,92.4594683883004
1992.5833333333333,92.60827792940852
1992.6666666666667,92.75712039452031
1992.75,92.90599512773163
1992.8333333333333,93.05490147256484
1992.9166666666667,93.2038387719802
1993.0,93.35280636838753
1993.0833333333333,93.50180360365765
1993.1666666666667,93.6508298191339
1993.25,93.79988435564375
1993.3333333333333,93.94896655351039
1993.4166666666667,94.09807575256427
1993.5,94.24721129215492
1993.5833333333333,94.3963725111623
1993.6666666666667,94.5455587480087
1993.75,94.69476934067036
1993.8333333333333,94.84400362668913
1993.9166666666667,94.99326094318413
1994.0,95.14254062686362
1994.0833333333333,95.29184201403663
1994.1666666666667,95.44116444062482
1994.25,95.5905072421741
1994.3333333333333,95.7398697538666
1994.4166666666667,95.88925131053227
1994.5,96.03865124666096
1994.5833333333333,96.18806889641398
1994.6666666666667,96.33750359363606
1994.75,96.48695467186728
1994.8333333333333,96.6364214643548
1994.9166666666667,96.78590330406472
1995.0,96.93539952369416
1995.0833333333333,97.08490945568295
1995.1666666666667,97.23443243222566
1995.25,97.38396778528345
1995.3333333333333,97.53351484659598
1995.4166666666667,97.68307294769343
1995.5,97.83264141990837
1995.5833333333333,97.98221959438776
1995.6666666666667,98.13180680210479
1995.75,98.28140237387099
1995.8333333333333,98.43100564034812
1995.9166666666667,98.58061593206011
1996.0,98.73023257940517
1996.0833333333333,98.8798549126676
1996.1666666666667,99.02948226202989
1996.25,99.1791139575847
1996.3333333333333,99.32874932934689
1996.4166666666667,99.47838770726531
1996.5,99.62802842123517
1996.5833333333333,99.77767080110968
1996.6666666666667,99.92731417671223
1996.75,100.07695787784847
1996.8333333333333,100.22660123431805
1996.9166666666667,100.37624357592695
1997.0,100.52588423249924
1997.0833333333333,100.67552253388924
1997.1666666666667,100.82515780999339
1997.25,100.97478939076237
1997.3333333333333,101.12441660621307
1997.4166666666667,101.27403878644049
1997.5,101.42365526162989
1997.5833333333333,101.57326536206874
1997.6666666666667,101.72286841815853
1997.75,101.87246376042707
1997.8333333333333,102.02205071954018
1997.9166666666667,102.17162862631382
1998.0,102.32119681172605
1998.0833333333333,102.47075460692892
1998.1666666666667,102.62030134326046
1998.25,102.76983635225666
1998.3333333333333,102.91935896566336
1998.4166666666667,103.06886851544822
1998.5,103.21836433381264
1998.5833333333333,103.36784575320365
1998.6666666666667,103.51731210632579
1998.75,103.66676272615315
1998.8333333333333,103.81619694594107
1998.9166666666667,103.96561409923805
1999.0,104.1150135198978
1999.0833333333333,104.26439454209083
1999.1666666666667,104.41375650031648
1999.25,104.56309872941466
1999.3333333333333,104.71242056457766
1999.4166666666667,104.86172134136201
1999.5,105.01100039570022
1999.5833333333333,105.1602570639126
1999.6666666666667,105.30949068271887
1999.75,105.45870058925023
1999.8333333333333,105.60788612106064
1999.9166666666667,105.75704661613898
2000.0,105.90618141292035
2000.0833333333333,106.05528985029805
2000.1666666666667,106.20437126763512
2000.25,106.35342500477594
2000.3333333333333,106.50245040205795
2000.4166666666667,106.65144680032314
2000.5,106.80041354092981
2000.5833333333333,106.94934996576399
2000.6666666666667,107.09825541725098
2000.75,107.24712923836701
2000.8333333333333,107.39597077265064
2000.9166666666667,107.54477936421426
2001.0,107.6935543577556
2001.0833333333333,107.84229509856915
2001.1666666666667,107.99100093255754
2001.25,108.13967120624298
2001.3333333333333,108.28830526677862
2001.4166666666667,108.43690246195993
2001.5,108.58546214023598
2001.5833333333333,108.73398365072073
2001.6666666666667,108.88246634320437
2001.75,109.03090956816459
2001.8333333333333,109.17931267677766
2001.9166666666667,109.32767502092976
2002.0,109.47599595322814
2002.0833333333333,109.62427482701221
2002.1666666666667,109.77251099636469
2002.25,109.92070381612272
2002.3333333333333,110.06885264188888
2002.4166666666667,110.21695683004226
2002.5,110.36501573774947
2002.5833333333333,110.51302872297555
2002.6666666666667,110.66099514449498
2002.75,110.80891436190261
2002.8333333333333,110.95678573562445
2002.9166666666667,111.10460862692862
2003.0,111.25238239793616
2003.0833333333333,111.40010641163175
2003.1666666666667,111.54778003187457
2003.25,111.69540262340894
2003.3333333333333,111.84297355187506
2003.4166666666667,111.99049218381963
2003.5,112.13795788670659
2003.5833333333333,112.28537002892752
2003.6666666666667,112.4327279798124
2003.75,112.58003110963999
2003.8333333333333,112.72727878964841
2003.9166666666667,112.87447039204548
2004.0,113.02160529001932
2004.0833333333333,113.16868285774856
2004.1666666666667,113.31570247041276
2004.25,113.46266350420268
2004.3333333333333,113.60956533633068
2004.4166666666667,113.75640734504071
2004.5,113.90318890961882
2004.5833333333333,114.04990941040302
2004.6666666666667,114.19656822879357
2004.75,114.34316474726302
2004.8333333333333,114.48969834936628
2004.9166666666667,114.63616841975053
2005.0,114.78257434416534
2005.0833333333333,114.92891550947242
2005.1666666666667,115.07519130365561
2005.25,115.22140111583069
2005.3333333333333,115.36754433625518
2005.4166666666667,115.51362035633807
2005.5,115.65962856864964
2005.5833333333333,115.80556836693098
2005.6666666666667,115.95143914610374
2005.75,116.09724030227972
2005.8333333333333,116.24297123277027
2005.9166666666667,116.38863133609601
2006.0,116.53422001199614
2006.0833333333333,116.67973666143786
2006.1666666666667,116.82518068662579
2006.25,116.97055149101136
2006.3333333333333,117.11584847930193
2006.4166666666667,117.26107105747012
2006.5,117.40621863276307
2006.5833333333333,117.5512906137114
2006.6666666666667,117.6962864101385
2006.75,117.84120543316946
2006.8333333333333,117.98604709524018
2006.9166666666667,118.13081081010623
2007.0,118.2754959928518
2007.0833333333333,118.42010205989855
2007.1666666666667,118.56462842901455
2007.25,118.7090745193229
2007.3333333333333,118.85343975131048
2007.4166666666667,118.99772354683664
2007.5,119.14192532914196
2007.5833333333333,119.28604452285654
2007.6666666666667,119.4300805540088
2007.75,119.5740328500339
2007.8333333333333,119.71790083978199
2007.9166666666667,119.86168395352684
2008.0,120.005381622974
2008.0833333333333,120.14899328126916
2008.1666666666667,120.29251836300632
2008.25,120.43595630423609
2008.3333333333333,120.57930654247367
2008.4166666666667,120.72256851670699
2008.5,120.86574166740478
2008.5833333333333,121.00882543652446
2008.6666666666667,121.15181926752012
2008.75,121.29472260535042
2008.8333333333333,121.4375348964863
2008.9166666666667,121.58025558891886
2009.0,121.722884132167
2009.0833333333333,121.86541997728514
2009.1666666666667,122.00786257687075
2009.25,122.15021138507204
2009.3333333333333,122.29246585759526
2009.4166666666667,122.43462545171234
2009.5,122.5766896262682
2009.5833333333333,122.71865784168811
2009.6666666666667,122.86052955998491
2009.75,123.0023042447664
2009.8333333333333,123.14398136124237
2009.9166666666667,123.2855603762317
2010.0,123.42704075816968
2010.0833333333333,123.56842197711468
2010.1666666666667,123.7097035047554
2010.25,123.85088481441758
2010.3333333333333,123.99196538107098
2010.4166666666667,124.13294468133611
2010.5,124.27382219349099
2010.5833333333333,124.41459739747779
2010.6666666666667,124.55526977490953
2010.75,124.69583880907659
2010.8333333333333,124.83630398495326
2010.9166666666667,124.97666478920424
2011.0,125.1169207101909
2011.0833333333333,125.25707123797778
2011.1666666666667,125.39711586433883
2011.25,125.53705408276365
2011.3333333333333,125.67688538846359
2011.4166666666667,125.81660927837795
2011.5,125.9562252511801
2011.5833333333333,126.09573280728335
2011.6666666666667,126.23513144884693
2011.75,126.37442067978203
2011.8333333333333,126.51360000575744
2011.9166666666667,126.65266893420538
2012.0,126.79162697432734
2012.0833333333333,126.93047363709954
2012.1666666666667,127.06920843527875
2012.25,127.20783088340765
2012.3333333333333,127.34634049782045
2012.4166666666667,127.4847367966482
2012.5,127.62301929982439
2012.5833333333333,127.76118752908992
2012.6666666666667,127.89924100799863
2012.75,128.03717926192246
2012.8333333333333,128.17500181805647
2012.9166666666667,128.312708205424
2013.0,128.45029795488173
2013.0833333333333,128.58777059912464
2013.1666666666667,128.72512567269078
2013.25,128.86236271196628
2013.3333333333333,128.99948125519012
2013.4166666666667,129.13648084245875
2013.5,129.27336101573093
2013.5833333333333,129.41012131883213
2013.6666666666667,129.5467612974593
2013.75,129.68328049918532
2013.8333333333333,129.81967847346326
2013.9166666666667,129.95595477163099
2014.0,130.09210894691537
2014.0833333333333,130.22814055443664
2014.1666666666667,130.36404915121236
2014.25,130.49983429616188
2014.3333333333333,130.63549555011022
2014.4166666666667,130.7710324757922
2014.5,130.9064446378563
2014.5833333333333,131.0417316028687
2014.6666666666667,131.176892939317
2014.75,131.31192821761414
2014.8333333333333,131.44683701010203
2014.9166666666667,131.58161889105534
2015.0,131.716273436685
2015.0833333333333,131.85080022514174
2015.1666666666667,131.98519883651983
2015.25,132.11946885286025
2015.3333333333333,132.25360985815416
2015.4166666666667,132.3876214383463
2015.5,132.5215031813381
2015.5833333333333,132.6552546769911
2015.6666666666667,132.7888755171299
2015.75,132.9223652955454
2015.8333333333333,133.05572360799778
2015.9166666666667,133.1889500522193
2016.0,133.32204422791764
2016.0833333333333,133.4550057367783
2016.1666666666667,133.5878341824677
2016.25,133.72052917063576
2016.3333333333333,133.85309030891872
2016.4166666666667,133.98551720694167
2016.5,134.1178094763211
2016.5833333333333,134.24996673066752
2016.6666666666667,134.38198858558778
2016.75,134.51387465868766
2016.8333333333333,134.64562456957398
2016.9166666666667,134.777237939857
2017.0,134.90871439315268
2017.0833333333333,135.0400535550848
2017.1666666666667,135.17125505328696
2017.25,135.3023185174049
2017.3333333333333,135.43324357909825
2017.4166666666667,135.56402987204257
2017.5,135.6946770319312
2017.5833333333333,135.8251846964772
2017.6666666666667,135.9555525054149
2017.75,136.08578010050178
2017.8333333333333,136.21586712552013
2017.9166666666667,136.34581322627858
2018.0,136.4756180506136
2018.0833333333333,136.6052812483912
2018.1666666666667,136.7348024715081
2018.25,136.86418137389325
2018.3333333333333,136.99341761150913
2018.4166666666667,137.12251084235305
2018.5,137.25146072645828
2018.5833333333333,137.38026692589523
2018.6666666666667,137.50892910477256
2018.75,137.6374469292384
2018.8333333333333,137.76582006748086
2018.9166666666667,137.89404818972957
2019.0,138.02213096825605
2019.0833333333333,138.1500680773749
2019.1666666666667,138.2778591934443
2019.25,138.405503994867
2019.3333333333333,138.53300216209067
2019.4166666666667,138.66035337760871
2019.5,138.78755732596093
2019.5833333333333,138.91461369373366
2019.6666666666667,139.0415221695606
2019.75,139.16828244412295
2019.8333333333333,139.2948942101499
2019.9166666666667,139.4213571624188
2020.0,139.54767099775557
2020.0833333333333,139.6738354150347
2020.1666666666667,139.79985011517948
2020.25,139.9257148011621
2020.3333333333333,140.05142917800353
2020.4166666666667,140.17699295277376
2020.5,140.30240583459147
2020.5833333333333,140.42766753462402
2020.6666666666667,140.5527777660872
2020.75,140.67773624424515
2020.8333333333333,140.80254268640996
2020.9166666666667,140.9271968119413
2021.0,141.05169834224614
2021.0833333333333,141.17604700077828
2021.1666666666667,141.30024251303786
2021.25,141.42428460657075
2021.3333333333333,141.54817301096818
2021.4166666666667,141.67190745786584
2021.5,141.7954876809434
2021.5833333333333,141.91891341592375
2021.6666666666667,142.04218440057204
2021.75,142.16530037469514
2021.8333333333333,142.28826108014044
2021.9166666666667,142.41106626079528
2022.0,142.5337156625856
2022.0833333333333,142.65620903347522
2022.1666666666667,142.77854612346468
2022.25,142.90072668458993
2022.3333333333333,143.02275047092147
2022.4166666666667,143.14461723856292
2022.5,143.2663267456499
2022.5833333333333,143.3878787523486
2022.6666666666667,143.50927302085438
2022.75,143.63050931539073
2022.8333333333333,143.75158740220732
2022.9166666666667,143.87250704957881
2023.0,143.99326802780334
2023.0833333333333,144.11387010920072
2023.1666666666667,144.234313068111
2023.25,144.35459668089277
2023.3333333333333,144.47472072592132
2023.4166666666667,144.59468498358703
2023.5,144.71448923629342
2023.5833333333333,144.83413326845547
2023.6666666666667,144.9536168664975
2023.75,145.07293981885144
2023.8333333333333,145.1921019159547
2023.9166666666667,145.31110295024817
2024.0,145.4299427161743
2024.0833333333333,145.54862101017477
2024.1666666666667,145.66713763068847
2024.25,145.78549237814917
2024.3333333333333,145.90368505498353
2024.4166666666667,146.0217154656086
2024.5,146.13958341642945
2024.5833333333333,146.257288715837
2024.6666666666667,146.3748311742056
2024.75,146.4922106038904
2024.8333333333333,146.60942681922504
2024.9166666666667,146.726479636519
2025.0,146.8433688740551
2025.0833333333333,146.96009435208694
2025.1666666666667,147.0766558928361
2025.25,147.1930533204896
2025.3333333333333,147.30928646119713
2025.4166666666667,147.42535514306826
2025.5,147.54125919616965
2025.5833333333333,147.65699845252215
2025.6666666666667,147.77257274609812
2025.75,147.88798191281822
2025.8333333333333,148.0032257905487
2025.9166666666667,148.1183042190983
2026.0,148.23321704021512
2026.0833333333333,148.34796409758385
2026.1666666666667,148.46254523682234
2026.25,148.57696030547868
2026.3333333333333,148.6912091530278
2026.4166666666667,148.8052916308686
2026.5,148.91920759232036
2026.5833333333333,149.03295689261967
2026.6666666666667,149.146539388917
2026.75,149.25995494027333
2026.8333333333333,149.37320340765697
2026.9166666666667,149.4862846539398
2027.0,149.59919854389418
2027.0833333333333,149.7119449441891
2027.1666666666667,149.82452372338702
2027.25,149.93693475193984
2027.3333333333333,150.04917790218593
2027.4166666666667,150.16125304834603
2027.5,150.27316006651958
2027.5833333333333,150.38489883468142
2027.6666666666667,150.4964692326777
2027.75,150.6078711422223
2027.8333333333333,150.719104446893
2027.9166666666667,150.8301690321277
2028.0,150.94106478522056
2028.0833333333333,151.05179159531795
2028.1666666666667,151.16234935341495
2028.25,151.272737952351
2028.3333333333333,151.38295728680617
2028.4166666666667,151.493007253297
2028.5,151.60288775017273
2028.5833333333333,151.71259867761086
2028.6666666666667,151.82213993761346
2028.75,151.9315114340028
2028.8333333333333,152.04071307241733
2028.9166666666667,152.14974476030747
2029.0,152.25860640693128
2029.0833333333333,152.36729792335055
2029.1666666666667,152.47581922242625
2029.25,152.5841702188144
2029.3333333333333,152.6923508289617
2029.4166666666667,152.80036097110127
2029.5,152.9082005652482
2029.5833333333333,153.01586953319517
2029.6666666666667,153.12336779850818
2029.75,153.2306952865219
2029.8333333333333,153.33785192433538
2029.9166666666667,153.44483764080746
2030.0,153.55165236655236
2030.0833333333333,153.65829603393496
2030.1666666666667,153.76476857706643
2030.25,153.87106993179967
2030.3333333333333,153.9772000357244
2030.4166666666667,154.08315882816288
2030.5,154.18894625016506
2030.5833333333333,154.29456224450396
2030.6666666666667,154.40000675567097
2030.75,154.50527972987103
2030.8333333333333,154.6103811150181
2030.9166666666667,154.71531086073017
2031.0,154.8200689183246
2031.0833333333333,154.92465524081322
2031.1666666666667,155.02906978289766
2031.25,155.13331250096425
2031.3333333333333,155.2373833530794
2031.4166666666667,155.34128229898454
2031.5,155.44500930009127
2031.5833333333333,155.5485643194764
2031.6666666666667,155.651947321877
2031.75,155.75515827368545
2031.8333333333333,155.8581971429445
2031.9166666666667,155.96106389934212
2032.0,156.06375851420654
2032.0833333333333,156.1662809605012
2032.1666666666667,156.2686312128199
2032.25,156.37080924738115
2032.3333333333333,156.47281504202374
2032.4166666666667,156.57464857620113
2032.5,156.67630983097658
2032.5833333333333,156.7777987890179
2032.6666666666667,156.87911543459228
2032.75,156.98025975356114
2032.8333333333333,157.08123173337484
2032.9166666666667,157.18203136306764
2033.0,157.28265863325225
2033.0833333333333,157.38311353611476
2033.1666666666667,157.48339606540927
2033.25,157.58350621645263
2033.3333333333333,157.68344398611922
2033.4166666666667,157.78320937283556
2033.5,157.88280237657492
2033.5833333333333,157.98222299885222
2033.6666666666667,158.08147124271852
2033.75,158.1805471127555
2033.8333333333333,158.2794506150705
2033.9166666666667,158.3781817572907
2034.0,158.476740548558
2034.0833333333333,158.57512699952352
2034.1666666666667,158.6733411223421
2034.25,158.771382930667
2034.3333333333333,158.86925243964424
2034.4166666666667,158.96694966590744
2034.5,159.06447462757208
2034.5833333333333,159.1618273442302
2034.6666666666667,159.25900783694468
2034.75,159.35601612824397
2034.8333333333333,159.45285224211642
2034.9166666666667,159.54951620400487
2035.0,159.64600804080106
2035.0833333333333,159.74232778083993
2035.1666666666667,159.8384754538944
2035.25,159.93445109116948
2035.3333333333333,160.03025472529683
2035.4166666666667,160.12588639032927
2035.5,160.22134612173497
2035.5833333333333,160.31663395639202
2035.6666666666667,160.41174993258284
2035.75,160.50669408998837
2035.8333333333333,160.60146646968258
2035.9166666666667,160.696067114127
2036.0,160.79049606716467
2036.0833333333333,160.88475337401485
2036.1666666666667,160.97883908126724
2036.25,161.0727532368763
2036.3333333333333,161.1664958901557
2036.4166666666667,161.26006709177238
2036.5,161.35346689374114
2036.5833333333333,161.44669534941892
2036.6666666666667,161.539752513499
2036.75,161.6326384420053
2036.8333333333333,161.72535319228675
2036.9166666666667,161.81789682301167
2037.0,161.91026939416182
2037.0833333333333,162.00247096702688
2037.1666666666667,162.0945016041987
2037.25,162.1863613695655
2037.3333333333333,162.27805032830614
2037.4166666666667,162.36956854688452
2037.5,162.4609160930437
2037.5833333333333,162.55209303580025
2037.6666666666667,162.64309944543854
2037.75,162.7339353935047
2037.8333333333333,162.82460095280138
2037.9166666666667,162.9150961973815
2038.0,163.0054212025429
2038.0833333333333,163.09557604482222
2038.1666666666667,163.1855608019895
2038.25,163.2753755530421
2038.3333333333333,163.36502037819912
2038.4166666666667,163.45449535889568
2038.5,163.54380057777698
2038.5833333333333,163.63293611869264
2038.6666666666667,163.72190206669097
2038.75,163.81069850801316
2038.8333333333333,163.89932553008742
2038.9166666666667,163.98778322152342
2039.0,164.07607167210628
2039.0833333333333,164.16419097279106
2039.1666666666667,164.25214121569678
2039.25,164.3399224941007
2039.3333333333333,164.42753490243263
2039.4166666666667,164.51497853626913
2039.5,164.6022534923277
2039.5833333333333,164.68935986846108
2039.6666666666667,164.7762977636514
2039.75,164.86306727800445
2039.8333333333333,164.9496685127441
2039.9166666666667,165.0361015702062
2040.0,165.12236655383307
2040.0833333333333,165.2084635681677
2040.1666666666667,165.29439271884803
2040.25,165.380154112601
2040.3333333333333,165.46574785723703
2040.4166666666667,165.55117406164425
2040.5,165.6364328357826
2040.5833333333333,165.72152429067827
2040.6666666666667,165.8064485384179
2040.75,165.89120569214273
2040.8333333333333,165.97579586604306
2040.9166666666667,166.06021917535244
2041.0,166.1444757363419
2041.0833333333333,166.22856566631438
2041.1666666666667,166.31248908359876
2041.25,166.3962461075445
2041.3333333333333,166.47983685851554
2041.4166666666667,166.56326145788498
2041.5,166.64652002802913
2041.5833333333333,166.72961269232184
2041.6666666666667,166.812539575129
2041.75,166.89530080180262
2041.8333333333333,166.97789649867534
2041.9166666666667,167.0603267930546
2042.0,167.1425918132172
2042.0833333333333,167.22469168840328
2042.1666666666667,167.30662654881115
2042.25,167.38839652559122
2042.3333333333333,167.47000175084048
2042.4166666666667,167.55144235759713
2042.5,167.63271847983438
2042.5833333333333,167.71383025245558
2042.6666666666667,167.7947778112879
2042.75,167.8755612930771
2042.8333333333333,167.95618083548194
2042.9166666666667,168.03663657706844
2043.0,168.1169286573043
2043.0833333333333,168.19705721655345
2043.1666666666667,168.27702239607035
2043.25,168.3568243379945
2043.3333333333333,168.4364631853449
2043.4166666666667,168.5159390820144
2043.5,168.59525217276416
2043.5833333333333,168.67440260321834
2043.6666666666667,168.7533905198583
2043.75,168.83221607001713
2043.8333333333333,168.91087940187433
2043.9166666666667,168.9893806644502
2044.0,169.0677200076002
2044.0833333333333,169.14589758200967
2044.1666666666667,169.2239135391883
2044.25,169.3017680314646
2044.3333333333333,169.37946121198064
2044.4166666666667,169.45699323468628
2044.5,169.534364254334
2044.5833333333333,169.61157442647337
2044.6666666666667,169.6886239074457
2044.75,169.76551285437844
2044.8333333333333,169.84224142518008
2044.9166666666667,169.91880977853452
2045.0,169.99521807389576
2045.0833333333333,170.07146647148258
2045.1666666666667,170.14755513227314
2045.25,170.22348421799958
2045.3333333333333,170.29925389114283
2045.4166666666667,170.3748643149271
2045.5,170.4503156533147
2045.5833333333333,170.52560807100065
2045.6666666666667,170.60074173340746
2045.75,170.67571680667976
2045.8333333333333,170.7505334576791
2045.9166666666667,170.82519185397868
2046.0,170.89969216385796
2046.0833333333333,170.97403455629762
2046.1666666666667,171.04821920097424
2046.25,171.1222462682551
2046.3333333333333,171.1961159291929
2046.4166666666667,171.2698283555206
2046.5,171.34338371964634
2046.5833333333333,171.4167821946481
2046.6666666666667,171.49002395426868
2046.75,171.5631091729105
2046.8333333333333,171.63603802563037
2046.9166666666667,171.70881068813452
2047.0,171.78142733677345
2047.0833333333333,171.85388814853673
2047.1666666666667,171.926193301048
2047.25,171.99834297255984
2047.3333333333333,172.07033734194883
2047.4166666666667,172.1421765887103
2047.5,172.21386089295348
2047.5833333333333,172.2853904353964
2047.6666666666667,172.35676539736076
2047.75,172.42798596076716
2047.8333333333333,172.4990523081299
2047.9166666666667,172.5699646225522
2048.0,172.640723087721
2048.0833333333335,172.7113278879022
2048.1666666666665,172.78177920793576
2048.25,172.85207723323057
2048.3333333333335,172.92222214975965
2048.4166666666665,172.99221414405534
2048.5,173.06205340320426
2048.5833333333335,173.13174011484253
2048.6666666666665,173.20127446715102
2048.75,173.27065664885018
2048.8333333333335,173.33988684919555
2048.9166666666665,173.40896525797277
2049.0,173.47789206549282
2049.0833333333335,173.54666746258727
2049.1666666666665,173.6152916406034
2049.25,173.68376479139957
2049.3333333333335,173.75208710734034
2049.4166666666665,173.82025878129187
2049.5,173.88828000661712
2049.5833333333335,173.9561509771711
2049.6666666666665,174.02387188729637
2049.75,174.09144293181805
2049.8333333333335,174.15886430603953
2049.9166666666665,174.22613620573753
2050.0,174.2932588271576
2050.0833333333335,174.3602323670094
2050.1666666666665,174.4270570224623
2050.25,174.4937329911405
2050.3333333333335,174.5602604711187
2050.4166666666665,174.62663966091753
2050.5,174.69287075949867
2050.5833333333335,174.75895396626078
2050.6666666666665,174.82488948103472
2050.75,174.890677504079
2050.8333333333335,174.95631823607548
2050.9166666666665,175.02181187812477
2051.0,175.0871586317418
2051.0833333333335,175.15235869885134
2051.1666666666665,175.21741228178368
2051.25,175.2823195832701
2051.3333333333335,175.34708080643844
2051.4166666666665,175.41169615480896
2051.5,175.47616583228955
2051.5833333333335,175.54049004317187
2051.6666666666665,175.6046689921266
2051.75,175.66870288419926
2051.8333333333335,175.732591924806
2051.9166666666665,175.79633631972922
2052.0,175.85993627511323
2052.0833333333335,175.92339199746
2052.1666666666665,175.9867036936251
2052.25,176.04987157081314
2052.3333333333335,176.11289583657387
2052.4166666666665,176.1757766987978
2052.5,176.23851436571204
2052.5833333333335,176.30110904587605
2052.6666666666665,176.3635609481777
2052.75,176.4258702818289
2052.8333333333335,176.4880372563616
2052.9166666666665,176.55006208162362
2053.0,176.61194496777458
2053.0833333333335,176.67368612528185
2053.1666666666665,176.73528576491637
2053.25,176.79674409774876
2053.3333333333335,176.8580613351451
2053.4166666666665,176.91923768876316
2053.5,176.98027337054808
2053.5833333333335,177.0411685927287
2053.6666666666665,177.10192356781332
2053.75,177.16253850858587
2053.8333333333335,177.22301362810205
2053.9166666666665,177.28334913968524
2054.0,177.34354525692262
2054.0833333333335,177.40360219366138
2054.1666666666665,177.46352016400473
2054.25,177.5232993823081
2054.3333333333335,177.5829400631753
2054.4166666666665,177.64244242145455
2054.5,177.70180667223488
2054.5833333333335,177.76103303084219
2054.6666666666665,177.82012171283543
2054.75,177.87907293400298
2054.8333333333335,177.93788691035866
2054.9166666666665,177.99656385813833
2055.0,178.0551039937958
2055.0833333333335,178.11350753399938
2055.1666666666665,178.1717746956281
2055.25,178.22990569576794
2055.3333333333335,178.28790075170838
2055.4166666666665,178.3457600809386
2055.5,178.4034839011438
2055.5833333333335,178.46107243020182
2055.6666666666665,178.51852588617922
2055.75,178.57584448732803
2055.8333333333335,178.63302845208185
2055.9166666666665,178.69007799905262
2056.0,178.7469933470269
2056.0833333333335,178.8037747149623
2056.1666666666665,178.8604223219841
2056.25,178.91693638738172
2056.3333333333335,178.97331713060524
2056.4166666666665,179.02956477126202
2056.5,179.08567952911295
2056.5833333333335,179.14166162406954
2056.6666666666665,179.19751127619
2056.75,179.25322870567615
2056.8333333333335,179.30881413287
2056.9166666666665,179.36426777825028
2057.0,179.4195898624291
2057.0833333333335,179.47478060614878
2057.1666666666665,179.52984023027832
2057.25,179.58476895581026
2057.3333333333335,179.63956700385725
2057.4166666666665,179.69423459564894
2057.5,179.74877195252856
2057.5833333333335,179.8031792959498
2057.6666666666665,179.85745684747357
2057.75,179.91160482876464
2057.8333333333335,179.9656234615887
2057.9166666666665,180.01951296780896
2058.0,180.07327356938313
2058.0833333333335,180.12690548836014
2058.1666666666665,180.18040894687715
2058.25,180.2337841671563
2058.3333333333335,180.28703137150174
2058.4166666666665,180.34015078229635
2058.5,180.39314262199895
2058.5833333333335,180.44600711314095
2058.6666666666665,180.4987444783235
2058.75,180.55135494021437
2058.8333333333335,180.603838721545
2058.9166666666665,180.6561960451075
2059.0,180.7084271337516
2059.0833333333335,180.76053221038165
2059.1666666666665,180.812511497954
2059.25,180.8643652194735
2059.3333333333335,180.91609359799116
2059.4166666666665,180.96769685660084
2059.5,181.01917521843646
2059.5833333333335,181.07052890666932
2059.6666666666665,181.1217581445049
2059.75,181.17286315518035
2059.8333333333335,181.22384416196138
2059.9166666666665,181.27470138813973
2060.0,181.32543505702998
2060.0833333333335,181.37604539196724
2060.1666666666665,181.426532616304
2060.25,181.4768969534075
2060.3333333333335,181.52713862665706
2060.4166666666665,181.57725785944126
2060.5,181.62725487515527
2060.5833333333335,181.67712989719809
2060.6666666666665,181.72688314897005
2060.75,181.77651485386983
2060.8333333333335,181.8260252352922
2060.9166666666665,181.87541451662503
2061.0,181.9246829212468
2061.0833333333335,181.97383067252412
2061.1666666666665,182.02285799380894
2061.25,182.07176510843598
2061.3333333333335,182.12055223972035
2061.4166666666665,182.1692196109549
2061.5,182.2177674454075
2061.5833333333335,182.26619596631883
2061.6666666666665,182.31450539689968
2061.75,182.3626959603285
2061.8333333333335,182.41076787974885
2061.9166666666665,182.45872137826717
2062.0,182.50655667895006
2062.0833333333335,182.55427400482193
2062.1666666666665,182.60187357886264
2062.25,182.64935562400507
2062.3333333333335,182.69672036313267
2062.4166666666665,182.7439680190771
2062.5,182.79109881461594
2062.5833333333335,182.83811297247027
2062.6666666666665,182.8850107153023
2062.75,182.93179226571306
2062.8333333333335,182.97845784624022
2062.9166666666665,183.0250076793557
2063.0,183.07144198746317
2063.0833333333335,183.11776099289628
2063.1666666666665,183.16396491791596
2063.25,183.21005398470834
2063.3333333333335,183.2560284153825
2063.4166666666665,183.30188843196842
2063.5,183.34763425641444
2063.5833333333335,183.39326611058544
2063.6666666666665,183.43878421626042
2063.75,183.4841887951304
2063.8333333333335,183.52948006879635
2063.9166666666665,183.57465825876702
2064.0,183.61972358645664
2064.0833333333335,183.66467627318326
2064.1666666666665,183.7095165401662
2064.25,183.75424460852412
2064.3333333333335,183.7988606992731
2064.4166666666665,183.8433650333244
2064.5,183.88775783148256
2064.5833333333335,183.9320393144432
2064.6666666666665,183.97620970279127
2064.75,184.02026921699874
2064.8333333333335,184.0642180774229
2064.9166666666665,184.10805650430424
2065.0,184.15178471776449
2065.0833333333335,184.19540293780466
2065.1666666666665,184.2389113843032
2065.25,184.282310277014
2065.3333333333335,184.3255998355645
2065.4166666666665,184.36878027945383
2065.5,184.41185182805083
2065.5833333333335,184.4548147005923
2065.6666666666665,184.49766911618104
2065.75,184.5404152937841
2065.8333333333335,184.58305345223087
2065.9166666666665,184.62558381021137
2066.0,184.66800658627423
2066.0833333333335,184.71032199882512
2066.1666666666665,184.75253026612492
2066.25,184.7946316062878
2066.3333333333335,184.83662623727963
2066.4166666666665,184.87851437691629
2066.5,184.92029624286153
2066.5833333333335,184.96197205262592
2066.6666666666665,185.00354202356453
2066.75,185.0450063728755
2066.8333333333335,185.08636531759842
2066.9166666666665,185.12761907461245
2067.0,185.16876786063497
2067.0833333333335,185.2098118922195
2067.1666666666665,185.2507513857545
2067.25,185.2915865574615
2067.3333333333335,185.33231762339346
2067.4166666666665,185.37294479943344
2067.5,185.41346830129268
2067.5833333333335,185.45388834450918
2067.6666666666665,185.4942051444462
2067.75,185.5344189162906
2067.8333333333335,185.57452987505133
2067.9166666666665,185.61453823555792
2068.0,185.6544442124589
2068.0833333333335,185.69424802022047
2068.1666666666665,185.73394987312477
2068.25,185.77354998526846
2068.3333333333335,185.8130485705615
2068.4166666666665,185.8524458427253
2068.5,185.8917420152915
2068.5833333333335,185.93093730160055
2068.6666666666665,185.97003191480013
2068.75,186.00902606784393
2068.8333333333335,186.04791997349005
2068.9166666666665,186.08671384429977
2069.0,186.12540789263608
2069.0833333333335,186.16400233066233
2069.1666666666665,186.2024973703409
2069.25,186.24089322343175
2069.3333333333335,186.27919010149122
2069.4166666666665,186.31738821587066
2069.5,186.35548777771504
2069.5833333333335,186.3934889979617
2069.6666666666665,186.43139208733908
2069.75,186.46919725636536
2069.8333333333335,186.50690471534736
2069.9166666666665,186.54451467437903
2070.0,186.58202734334037
2070.0833333333335,186.6194429318962
2070.1666666666665,186.65676164949474
2070.25,186.6939837053667
2070.3333333333335,186.7311093085237
2070.4166666666665,186.76813866775748
2070.5,186.80507199163824
2070.5833333333335,186.84190948851403
2070.6666666666665,186.878651366509
2070.75,186.9152978335226
2070.8333333333335,186.95184909722838
2070.9166666666665,186.98830536507285
2071.0,187.02466684427418
2071.0833333333335,187.06093374182137
2071.1666666666665,187.09710626447293
2071.25,187.1331846187558
2071.3333333333335,187.16916901096437
2071.4166666666665,187.2050596471594
2071.5,187.24085673316677
2071.5833333333335,187.27656047457657
2071.6666666666665,187.31217107674217
2071.75,187.3476887447788
2071.8333333333335,187.38311368356298
2071.9166666666665,187.41844609773116
2072.0,187.4536861916789
2072.0833333333335,187.48883416955974
2072.1666666666665,187.5238902352843
2072.25,187.5588545925193
2072.3333333333335,187.59372744468652
2072.4166666666665,187.62850899496192
2072.5,187.66319944627455
2072.5833333333335,187.6977990013058
2072.6666666666665,187.7323078624884
2072.75,187.76672623200534
2072.8333333333335,187.80105431178913
2072.9166666666665,187.83529230352087
2073.0,187.86944040862932
2073.0833333333335,187.90349882828997
2073.1666666666665,187.93746776342425
2073.25,187.97134741469858
2073.3333333333335,188.00513798252362
2073.4166666666665,188.03883966705322
2073.5,188.07245266818381
2073.5833333333335,188.10597718555337
2073.6666666666665,188.1394134185408
2073.75,188.17276156626482
2073.8333333333335,188.20602182758347
2073.9166666666665,188.2391944010932
2074.0,188.27227948512788
2074.0833333333335,188.30527727775836
2074.1666666666665,188.33818797679143
2074.25,188.3710117797692
2074.3333333333335,188.4037488839682
2074.4166666666665,188.4363994863989
2074.5,188.46896378380464
2074.5833333333335,188.50144197266104
2074.6666666666665,188.53383424917544
2074.75,188.56614080928583
2074.8333333333335,188.5983618486606
2074.9166666666665,188.6304975626973
2075.0,188.66254814652245
2075.0833333333335,188.69451379499057
2075.1666666666665,188.72639470268356
2075.25,188.75819106391012
2075.3333333333335,188.7899030727049
2075.4166666666665,188.82153092282806
2075.5,188.8530748077646
2075.5833333333335,188.88453492072355
2075.6666666666665,188.91591145463752
2075.75,188.947204602162
2075.8333333333335,188.97841455567476
2075.9166666666665,189.0095415072753
2076.0,189.04058564878414
2076.0833333333335,189.0715471717424
2076.1666666666665,189.10242626741103
2076.25,189.13322312677036
2076.3333333333335,189.16393794051947
2076.4166666666665,189.19457089907576
2076.5,189.22512219257416
2076.5833333333335,189.2555920108669
2076.6666666666665,189.28598054352264
2076.75,189.31628797982623
2076.8333333333335,189.34651450877797
2076.9166666666665,189.37666031909322
2077.0,189.40672559920193
2077.0833333333335,189.43671053724796
2077.1666666666665,189.4666153210888
2077.25,189.496440138295
2077.3333333333335,189.52618517614945
2077.4166666666665,189.55585062164752
2077.5,189.58543666149592
2077.5833333333335,189.61494348211264
2077.6666666666665,189.64437126962636
2077.75,189.67372020987602
2077.8333333333335,189.70299048841056
2077.9166666666665,189.73218229048817
2078.0,189.76129580107605
2078.0833333333335,189.79033120485005
2078.1666666666665,189.8192886861942
2078.25,189.8481684292002
2078.3333333333335,189.87697061766715
2078.4166666666665,189.90569543510125
2078.5,189.93434306471508
2078.5833333333335,189.9629136894276
2078.6666666666665,189.9914074918636
2078.75,190.01982465435336
2078.8333333333335,190.0481653589322
2078.9166666666665,190.07642978734035
2079.0,190.10461812102236
2079.0833333333335,190.13273054112693
2079.1666666666665,190.1607672285066
2079.25,190.18872836371716
2079.3333333333335,190.21661412701775
2079.4166666666665,190.24442469837012
2079.5,190.27216025743863
2079.5833333333335,190.29982098358985
2079.6666666666665,190.32740705589222
2079.75,190.3549186531157
2079.8333333333335,190.3823559537318
2079.9166666666665,190.40971913591298
2080.0,190.43700837753238
2080.0833333333335,190.4642238561638
2080.1666666666665,190.49136574908133
2080.25,190.51843423325886
2080.3333333333335,190.54542948537033
2080.4166666666665,190.572351681789
2080.5,190.59920099858746
2080.5833333333335,190.62597761153734
2080.6666666666665,190.65268169610923
2080.75,190.6793134274721
2080.8333333333335,190.70587298049352
2080.9166666666665,190.73236052973914
2081.0,190.7587762494727
2081.0833333333335,190.78512031365557
2081.1666666666665,190.81139289594688
2081.25,190.83759416970307
2081.3333333333335,190.86372430797792
2081.4166666666665,190.88978348352214
2081.5,190.9157718687834
2081.5833333333335,190.9416896359061
2081.6666666666665,190.9675369567312
2081.75,190.99331400279604
2081.8333333333335,191.01902094533426
2081.9166666666665,191.04465795527562
2082.0,191.07022520324583
2082.0833333333335,191.09572285956648
2082.1666666666665,191.12115109425486
2082.25,191.14651007702386
2082.3333333333335,191.1717999772819
2082.4166666666665,191.19702096413263
2082.5,191.2221732063751
2082.5833333333335,191.24725687250347
2082.6666666666665,191.2722721307069
2082.75,191.29721914886957
2082.8333333333335,191.32209809457058
2082.9166666666665,191.34690913508373
2083.0,191.37165243737755
2083.0833333333335,191.39632816811522
2083.1666666666665,191.42093649365447
2083.25,191.44547758004757
2083.3333333333335,191.4699515930412
2083.4166666666665,191.4943586980765
2083.5,191.5186990602888
2083.5833333333335,191.54297284450783
2083.6666666666665,191.56718021525757
2083.75,191.59132133675612
2083.8333333333335,191.61539637291582
2083.9166666666665,191.6394054873432
2084.0,191.6633488433388
2084.0833333333335,191.68722660389741
2084.1666666666665,191.71103893170775
2084.25,191.7347859891527
2084.3333333333335,191.75846793830928
2084.4166666666665,191.7820849409484
2084.5,191.8056371585352
2084.5833333333335,191.82912475222884
2084.6666666666665,191.85254788288253
2084.75,191.87590671104363
2084.8333333333335,191.8992013969536
2084.9166666666665,191.92243210054804
2085.0,191.94559898145673
2085.0833333333335,191.96870219900367
2085.1666666666665,191.99174191220695
2085.25,192.01471827977917
2085.3333333333335,192.03763146012705
2085.4166666666665,192.06048161135175
2085.5,192.08326889124885
2085.5833333333335,192.10599345730836
2085.6666666666665,192.1286554667148
2085.75,192.15125507634735
2085.8333333333335,192.1737924427798
2085.9166666666665,192.1962677222806
2086.0,192.2186810708131
2086.0833333333335,192.24103264403544
2086.1666666666665,192.26332259730083
2086.25,192.28555108565732
2086.3333333333335,192.30771826384824
2086.4166666666665,192.32982428631217
2086.5,192.35186930718282
2086.5833333333335,192.37385348028948
2086.6666666666665,192.39577695915688
2086.75,192.41763989700533
2086.8333333333335,192.439442446751
2086.9166666666665,192.46118476100577
2087.0,192.4828669920775
2087.0833333333335,192.5044892919703
2087.1666666666665,192.52605181238414
2087.25,192.5475547047156
2087.3333333333335,192.56899812005767
2087.4166666666665,192.59038220919984
2087.5,192.61170712262836
2087.5833333333335,192.6329730105264
2087.6666666666665,192.6541800227741
2087.75,192.67532830894874
2087.8333333333335,192.6964180183249
2087.9166666666665,192.71744929987466
2088.0,192.73842230226768
2088.0833333333335,192.75933717387142
2088.1666666666665,192.78019406275118
2088.25,192.80099311667053
2088.3333333333335,192.82173448309115
2088.4166666666665,192.8424183091732
2088.5,192.8630447417755
2088.5833333333335,192.88361392745557
2088.6666666666665,192.90412601246996
2088.75,192.92458114277443
2088.8333333333335,192.94497946402387
2088.9166666666665,192.96532112157297
2089.0,192.98560626047592
2089.0833333333335,193.00583502548685
2089.1666666666665,193.02600756106017
2089.25,193.04612401135037
2089.3333333333335,193.06618452021257
2089.4166666666665,193.08618923120258
2089.5,193.10613828757718
2089.5833333333335,193.12603183229422
2089.6666666666665,193.14587000801293
2089.75,193.1656529570941
2089.8333333333335,193.18538082160032
2089.9166666666665,193.20505374329613
2090.0,193.22467186364835
2090.0833333333335,193.24423532382625
2090.1666666666665,193.2637442647018
2090.25,193.28319882684988
2090.3333333333335,193.30259915054845
2090.4166666666665,193.32194537577894
2090.5,193.3412376422264
2090.5833333333335,193.36047608927976
2090.6666666666665,193.37966085603196
2090.75,193.39879208128048
2090.8333333333335,193.41786990352722
2090.9166666666665,193.4368944609791
2091.0,193.455865891548
2091.0833333333335,193.47478433285133
2091.1666666666665,193.49364992221203
2091.25,193.5124627966589
2091.3333333333335,193.53122309292704
2091.4166666666665,193.5499309474578
2091.5,193.56858649639926
2091.5833333333335,193.58718987560655
2091.6666666666665,193.60574122064193
2091.75,193.62424066677514
2091.8333333333335,193.64268834898382
2091.9166666666665,193.6610844019535
2092.0,193.67942896007818
2092.0833333333335,193.69772215746045
2092.1666666666665,193.71596412791172
2092.25,193.73415500495264
2092.3333333333335,193.75229492181342
2092.4166666666665,193.77038401143386
2092.5,193.788422406464
2092.5833333333335,193.80641023926412
2092.6666666666665,193.82434764190512
2092.75,193.84223474616903
2092.8333333333335,193.8600716835489
2092.9166666666665,193.87785858524956
2093.0,193.8955955821875
2093.0833333333335,193.91328280499147
2093.1666666666665,193.93092038400266
2093.25,193.94850844927512
2093.3333333333335,193.96604713057582
2093.4166666666665,193.98353655738532
2093.5,194.00097685889781
2093.5833333333335,194.01836816402152
2093.6666666666665,194.03571060137904
2093.75,194.05300429930764
2093.8333333333335,194.07024938585963
2093.9166666666665,194.08744598880253
2094.0,194.1045942356197
2094.0833333333335,194.1216942535102
2094.1666666666665,194.1387461693897
2094.25,194.15575010989025
2094.3333333333335,194.17270620136105
2094.4166666666665,194.18961456986847
2094.5,194.20647534119658
2094.5833333333335,194.22328864084744
2094.6666666666665,194.24005459404137
2094.75,194.25677332571743
2094.8333333333335,194.2734449605335
2094.9166666666665,194.29006962286698
2095.0,194.30664743681487
2095.0833333333335,194.3231785261942
2095.1666666666665,194.33966301454234
2095.25,194.35610102511743
2095.3333333333335,194.37249268089872
2095.4166666666665,194.38883810458677
2095.5,194.405137418604
2095.5833333333335,194.42139074509498
2095.6666666666665,194.43759820592666
2095.75,194.453759922689
2095.8333333333335,194.46987601669497
2095.9166666666665,194.48594660898127
2096.0,194.50197182030843
2096.0833333333335,194.5179517711613
2096.1666666666665,194.53388658174936
2096.25,194.54977637200716
2096.3333333333335,194.56562126159454
2096.4166666666665,194.58142136989716
2096.5,194.59717681602675
2096.5833333333335,194.61288771882155
2096.6666666666665,194.62855419684675
2096.75,194.64417636839454
2096.8333333333335,194.65975435148496
2096.9166666666665,194.6752882638659
2097.0,194.6907782230136
2097.0833333333335,194.70622434613307
2097.1666666666665,194.7216267501584
2097.25,194.7369855517532
2097.3333333333335,194.75230086731094
2097.4166666666665,194.7675728129553
2097.5,194.78280150454066
2097.5833333333335,194.79798705765234
2097.6666666666665,194.813129587607
2097.75,194.82822920945335
2097.8333333333335,194.84328603797198
2097.9166666666665,194.85830018767615
2098.0,194.87327177281207
2098.0833333333335,194.8882009073593
2098.1666666666665,194.90308770503108
2098.25,194.9179322792748
2098.3333333333335,194.93273474327228
2098.4166666666665,194.94749520994037
2098.5,194.9622137919311
2098.5833333333335,194.97689060163225
2098.6666666666665,194.99152575116764
2098.75,195.00611935239763
2098.8333333333335,195.02067151691938
2098.9166666666665,195.03518235606734
2099.0,195.04965198091372
2099.0833333333335,195.06408050226867
2099.1666666666665,195.07846803068094
2099.25,195.09281467643808
2099.3333333333335,195.1071205495669
2099.4166666666665,195.12138575983397
2099.5,195.13561041674583
2099.5833333333335,195.14979462954966
2099.6666666666665,195.16393850723333
2099.75,195.17804215852624
2099.8333333333335,195.1921056918993
2099.9166666666665,195.20612921556562
2100.0,195.22011283748083
2100.0833333333335,195.23405666534347
2100.1666666666665,195.2479608065954
2100.25,195.26182536842225
2100.3333333333335,195.27565045775384
2100.4166666666665,195.28943618126448
2100.5,195.30318264537348
2100.5833333333335,195.31688995624563
2100.6666666666665,195.3305582197914
2100.75,195.34418754166754
2100.8333333333335,195.35777802727748
2100.9166666666665,195.37132978177155
2101.0,195.3848429100477
2101.0833333333335,195.39831751675163
2101.1666666666665,195.41175370627747
2101.25,195.42515158276797
2101.3333333333335,195.43851125011497
2101.4166666666665,195.45183281195997
2101.5,195.4651163716943
2101.5833333333335,195.47836203245984
2101.6666666666665,195.49156989714908
2101.75,195.50474006840588
2101.8333333333335,195.51787264862568
2101.9166666666665,195.5309677399559
2102.0,195.54402544429672
2102.0833333333335,195.5570458633009
2102.1666666666665,195.5700290983747
2102.25,195.5829752506781
2102.3333333333335,195.5958844211252
2102.4166666666665,195.60875671038477
2102.5,195.62159221888055
2102.5833333333335,195.63439104679176
2102.6666666666665,195.64715329405342
2102.75,195.65987906035693
2102.8333333333335,195.67256844515035
2102.9166666666665,195.68522154763886
2103.0,195.6978384667852
2103.0833333333335,195.71041930131022
2103.1666666666665,195.72296414969304
2103.25,195.7354731101717
2103.3333333333335,195.74794628074352
2103.4166666666665,195.76038375916545
2103.5,195.77278564295466
2103.5833333333335,195.78515202938874
2103.6666666666665,195.7974830155064
2103.75,195.80977869810772
2103.8333333333335,195.8220391737546
2103.9166666666665,195.83426453877112
2104.0,195.84645488924423
2104.0833333333335,195.85861032102383
2104.1666666666665,195.87073092972355
2104.25,195.8828168107208
2104.3333333333335,195.89486805915757
2104.4166666666665,195.9068847699406
2104.5,195.91886703774193
2104.5833333333335,195.93081495699934
2104.6666666666665,195.94272862191661
2104.75,195.95460812646422
2104.8333333333335,195.96645356437963
2104.9166666666665,195.97826502916766
2105.0,195.990042614101
2105.0833333333335,196.00178641222058
2105.1666666666665,196.01349651633618
2105.25,196.02517301902665
2105.3333333333335,196.0368160126404
2105.4166666666665,196.0484255892958
2105.5,196.06000184088177
2105.5833333333335,196.0715448590581
2105.6666666666665,196.0830547352558
2105.75,196.09453156067764
2105.8333333333335,196.1059754262986
2105.9166666666665,196.11738642286628
2106.0,196.1287646409012
2106.0833333333335,196.14011017069745
2106.1666666666665,196.1514231023229
2106.25,196.16270352561995
2106.3333333333335,196.1739515302055
2106.4166666666665,196.18516720547183
2106.5,196.1963506405868
2106.5833333333335,196.20750192449424
2106.6666666666665,196.21862114591463
2106.75,196.22970839334522
2106.8333333333335,196.2407637550606
2106.9166666666665,196.2517873191133
2107.0,196.262779173334
2107.0833333333335,196.27373940533187
2107.1666666666665,196.28466810249535
2107.25,196.29556535199234
2107.3333333333335,196.30643124077065
2107.4166666666665,196.31726585555842
2107.5,196.32806928286473
2107.5833333333335,196.33884160897975
2107.6666666666665,196.34958291997546
2107.75,196.36029330170572
2107.8333333333335,196.37097283980725
2107.9166666666665,196.3816216196994
2108.0,196.39223972658505
2108.0833333333335,196.40282724545102
2108.1666666666665,196.41338426106813
2108.25,196.42391085799207
2108.3333333333335,196.43440712056363
2108.4166666666665,196.44487313290907
2108.5,196.45530897894065
2108.5833333333335,196.46571474235705
2108.6666666666665,196.47609050664377
2108.75,196.48643635507364
2108.8333333333335,196.4967523707071
2108.9166666666665,196.5070386363927
2109.0,196.51729523476763
2109.0833333333335,196.527522248258
2109.1666666666665,196.53771975907938
2109.25,196.54788784923704
2109.3333333333335,196.55802660052674
2109.4166666666665,196.56813609453474
2109.5,196.57821641263854
2109.5833333333335,196.58826763600715
2109.6666666666665,196.59828984560153
2109.75,196.60828312217512
2109.8333333333335,196.6182475462741
2109.9166666666665,196.62818319823802
2110.0,196.63809015820007
2110.0833333333335,196.64796850608752
2110.1666666666665,196.6578183216222
2110.25,196.6676396843209
2110.3333333333335,196.67743267349587
2110.4166666666665,196.68719736825514
2110.5,196.69693384750292
2110.5833333333335,196.70664218994014
2110.6666666666665,196.7163224740648
2110.75,196.72597477817254
2110.8333333333335,196.73559918035676
2110.9166666666665,196.74519575850934
2111.0,196.75476459032092
2111.0833333333335,196.76430575328135
2111.1666666666665,196.77381932468012
2111.25,196.7833053816068
2111.3333333333335,196.79276400095137
2111.4166666666665,196.80219525940478
2111.5,196.81159923345936
2111.5833333333335,196.82097599940906
2111.6666666666665,196.83032563335004
2111.75,196.8396482111811
2111.8333333333335,196.84894380860405
2111.9166666666665,196.858212501124
2112.0,196.86745436405008
2112.0833333333335,196.8766694724956
2112.1666666666665,196.88585790137859
2112.25,196.89501972542215
2112.3333333333335,196.90415501915493
2112.4166666666665,196.91326385691158
2112.5,196.92234631283299
2112.5833333333335,196.93140246086693
2112.6666666666665,196.94043237476833
2112.75,196.94943612809973
2112.8333333333335,196.95841379423177
2112.9166666666665,196.96736544634342
2113.0,196.97629115742257
2113.0833333333335,196.98519100026638
2113.1666666666665,196.99406504748174
2113.25,197.00291337148565
2113.3333333333335,197.01173604450554
2113.4166666666665,197.02053313857982
2113.5,197.02930472555832
2113.5833333333335,197.03805087710253
2113.6666666666665,197.04677166468613
2113.75,197.05546715959548
2113.8333333333335,197.0641374329298
2113.9166666666665,197.07278255560186
2114.0,197.08140259833812
2114.0833333333335,197.08999763167932
2114.1666666666665,197.09856772598084
2114.25,197.10711295141314
2114.3333333333335,197.11563337796213
2114.4166666666665,197.12412907542955
2114.5,197.13260011343343
2114.5833333333335,197.14104656140844
2114.6666666666665,197.14946848860652
2114.75,197.15786596409686
2114.8333333333335,197.1662390567667
2114.9166666666665,197.17458783532155
2115.0,197.18291236828568
2115.0833333333335,197.19121272400253
2115.1666666666665,197.1994889706348
2115.25,197.20774117616546
2115.3333333333335,197.2159694083976
2115.4166666666665,197.22417373495514
2115.5,197.23235422328307
2115.5833333333335,197.24051094064797
2115.6666666666665,197.24864395413843
2115.75,197.2567533306652
2115.8333333333335,197.26483913696197
2115.9166666666665,197.2729014395855
2116.0,197.28094030491602
2116.0833333333335,197.28895579915786
2116.1666666666665,197.29694798833967
2116.25,197.30491693831468
2116.3333333333335,197.3128627147614
2116.4166666666665,197.32078538318393
2116.5,197.32868500891223
2116.5833333333335,197.33656165710258
2116.6666666666665,197.34441539273797
2116.75,197.35224628062863
2116.8333333333335,197.36005438541224
2116.9166666666665,197.36783977155437
2117.0,197.37560250334892
2117.0833333333335,197.38334264491857
2117.1666666666665,197.39106026021494
2117.25,197.39875541301933
2117.3333333333335,197.40642816694273
2117.4166666666665,197.41407858542652
2117.5,197.4217067317428
2117.5833333333335,197.4293126689945
2117.6666666666665,197.43689646011626
2117.75,197.44445816787436
2117.8333333333335,197.45199785486741
2117.9166666666665,197.45951558352658
2118.0,197.46701141611612
2118.0833333333335,197.47448541473346
2118.1666666666665,197.48193764131008
2118.25,197.48936815761147
2118.3333333333335,197.49677702523758
2118.4166666666665,197.5041643056235
2118.5,197.51153006003946
2118.5833333333335,197.51887434959147
2118.6666666666665,197.52619723522164
2118.75,197.53349877770847
2118.8333333333335,197.54077903766736
2118.9166666666665,197.548038075551
2119.0,197.55527595164952
2119.0833333333335,197.56249272609122
2119.1666666666665,197.56968845884265
2119.25,197.57686320970916
2119.3333333333335,197.58401703833528
2119.4166666666665,197.59115000420493
2119.5,197.59826216664206
2119.5833333333335,197.60535358481073
2119.6666666666665,197.61242431771583
2119.75,197.6194744242031
2119.8333333333335,197.6265039629598
2119.9166666666665,197.6335129925148
2120.0,197.6405015712393
2120.0833333333335,197.64746975734687
2120.1666666666665,197.65441760889405
2120.25,197.66134518378064
2120.3333333333335,197.6682525397501
2120.4166666666665,197.67513973438977
2120.5,197.6820068251316
2120.5833333333335,197.688853869252
2120.6666666666665,197.69568092387277
2120.75,197.70248804596102
2120.8333333333335,197.70927529232983
2120.9166666666665,197.7160427196384
2121.0,197.72279038439268
2121.0833333333335,197.72951834294537
2121.1666666666665,197.7362266514967
2121.25,197.74291536609454
2121.3333333333335,197.74958454263466
2121.4166666666665,197.75623423686153
2121.5,197.76286450436817
2121.5833333333335,197.76947540059692
2121.6666666666665,197.7760669808395
2121.75,197.78263930023758
2121.8333333333335,197.78919241378313
2121.9166666666665,197.79572637631856
